Authors,Title,Publication,Volume,Number,Pages,Year,Publisher
"Wojewska, Aleksandra Natalia; Singh, Christina; Hansen, Christian Pilegaard; ",A policy tool for monitoring and evaluation of participation in adaptation projects,Climate Risk Management,33,,100326,2021,Elsevier
"Descheemaeker, Katrien; Oosting, Simon J; Homann-Kee Tui, Sabine; Masikati, Patricia; Falconnier, Gatien N; Giller, Ken E; ",Climate change adaptation and mitigation in smallholder crop–livestock systems in sub-Saharan Africa: a call for integrated impact assessments,Regional Environmental Change,16,8,2331-2343,2016,Springer
"Ndamani, Francis; Watanabe, Tsunemi; ",Developing indicators for adaptation decision-making under climate change in agriculture: A proposed evaluation model,Ecological Indicators,76,,366-375,2017,Elsevier
"Etana, Dula; Snelder, Denyse JRM; van Wesenbeeck, Cornelia FA; de Cock Buning, Tjard; ",Review of the effectiveness of smallholder farmers’ adaptation to climate change and variability in developing countries,Journal of Environmental Planning and Management,65,5,759-784,2022,Taylor & Francis
"Guja, Meseret Meskele; Bedeke, Sisay Belay; ",Smallholders’ climate change adaptation strategies: exploring effectiveness and opportunities to be capitalized,"Environment, Development and Sustainability",27,8,17927-17956,2025,Springer
"Williams, Portia Adade; Crespo, Olivier; Abu, Mumuni; Simpson, Nicholas Philip; ",A systematic review of how vulnerability of smallholder agricultural systems to changing climate is assessed in Africa,Environmental Research Letters,13,10,103004,2018,IOP Publishing
"Muthelo, Dakalo; Owusu-Sekyere, Enoch; Ogundeji, Abiodun A; ",Smallholder farmers’ adaptation to drought: identifying effective adaptive strategies and measures,Water,11,10,2069,2019,MDPI
"Silici, Laura; Rowe, Andy; Suppiramaniam, Nanthikesan; Knox, Jerry W; ",Building adaptive capacity of smallholder agriculture to climate change: evidence synthesis on learning outcomes,Environmental Research Communications,3,12,122001,2021,IOP Publishing
"Jatav, Surendra Singh; ",Measuring Adaptive Capacity of Indian Agriculture to Climate Change: An Application of Indicator Approach,Disaster & Development Journal,13,2,69-94,2024,
"Abdul-Razak, Majeed; Kruse, Sylvia; ",The adaptive capacity of smallholder farmers to climate change in the Northern Region of Ghana,Climate Risk Management,17,,104-122,2017,Elsevier
"Rezvani, Seyed MHS; de Almeida, Nuno Marques; Falcão, Maria João; ",Climate adaptation measures for enhancing urban resilience,Buildings,13,9,2163,2023,MDPI
"Mwadzingeni, Liboster; Mugandani, Raymond; Simatele, Mulala D; Mafongoya, Paramu L; ",An assessment of resilience of three selected small-scale irrigation schemes to climate change in Zimbabwe’s Midlands Province,Cogent Food & Agriculture,12,1,2641282,2026,Taylor & Francis
"He, Xinjun; Yan, Jianzhong; Yang, Liang Emlyn; Wang, Junying; Zhou, Hong; Lin, Xue; ",Linking smallholders’ livelihood resilience with their adaptation strategies to climate impacts: insights from the Tibetan Plateau,Ecology and Society,29,2,,2024,The Resilience Alliance
"Holland, Margaret Buck; Shamer, Sierra Zaid; Imbach, Pablo; Zamora, Juan Carlos; Medellin Moreno, Claudia; Hidalgo, Efraín J Leguía; Donatti, Camila I; Martínez-Rodríguez, M Ruth; Harvey, Celia A; ",Mapping adaptive capacity and smallholder agriculture: applying expert knowledge at the landscape scale,Climatic Change,141,1,139-153,2017,Springer
"Silici, Laura; Knox, Jerry; Rowe, Andy; Nanthikesan, Suppiramaniam; ",Evaluating transformational adaptation in smallholder farming: insights from an evidence review,Transformational change for people and the planet: Evaluating environment and development,,,187-202,2022,Springer
"Muchuru, Shepherd; Nhamo, Godwell; ",A review of climate change adaptation measures in the African crop sector,Climate and development,11,10,873-885,2019,Taylor & Francis
"Dixon, Jami L; Stringer, Lindsay C; ",Towards a theoretical grounding of climate resilience assessments for smallholder farming systems in Sub-Saharan Africa,Resources,4,1,128-154,2015,MDPI
"Timu, Anne G; Laborte, Alice; Attoh, Emmanuel MNAN; Kikulwe, Enock; Kiundu, Paul; Guo, Zhe; Mayanja, Brian; Mbithi, Anthony; Sartas, Murat; Vyas, Shalika; ",Advancing climate-smart financial solutions for smallholder farmers: Lessons from the CGIAR Climate Resilience Initiative,,,,,2024,Bioversity International and the International Center for Tropical Agriculture
"Shinbrot, XA; Jones, KW; Rivera-Castañeda, A; López-Báez, W; Ojima, DS; ","Smallholder farmer adoption of climate-related adaptation strategies: the importance of vulnerability context, livelihood assets, and climate perceptions",Environmental management,63,5,583-595,2019,Springer
"Aina, Ifedotun; Ayinde, Opeyemi; Thiam, Djiby; Miranda, Mario; ",Crop index insurance as a tool for climate resilience: lessons from smallholder farmers in Nigeria,Natural Hazards,120,5,4811-4828,2024,Springer
"Tyler, Stephen; Nugraha, Erwin; Nguyen, Ha Kim; Van Nguyen, Nhung; Sari, Aniessa Delima; Thinpanga, Pakamas; Tran, Thao Thanh; Verma, Sheo Shanker; ",Indicators of urban climate resilience: A contextual approach,Environmental science & policy,66,,420-426,2016,Elsevier
"Baffour-Ata, Frank; Antwi-Agyei, Philip; Boakye, Louisa; Tettey, Lester Simon Nii Aryee; Forson, Muriel Nana Efua Fosuaa; Abiwu, Albright Ewenam; Gyenin, Emmanuel; Larbi, Rebecca Naa Merley; ","Assessing the adaptive capacity of smallholder cocoa farmers to climate variability in the Adansi South District of the Ashanti Region, Ghana",Heliyon,9,3,,2023,Elsevier
"Koesmaryono, Yonny; Santikayasa, I Putu; Sopaheluwakan, Ardhasena; ",Assessing the Influence of Climate Services and Climate Change Adaptation Strategies on Smallholder Agriculture: A Systematic Literature Review.,Agromet,39,2,,2025,
"Eric Strandt, MBA; ",The Intersection of Climate Change Adaptation and Smallholder Farmer Food Security: A Review of Strategies and Barriers,,,,,2025,
"Sedebo, Dessalegn Anshiso; Li, Gu‐Cheng; Abebe, Kidane Assefa; Etea, Bekele Gebisa; Ahiakpa, John Kojo; Ouattara, N'Banan; Olounlade, Ambaliou; Frimpong, Stephen; ",Smallholder farmers’ climate change adaptation practices contribute to crop production efficiency in southern Ethiopia,Agronomy Journal,113,6,4627-4638,2021,Wiley Online Library
"Ulibarri, Nicola; Ajibade, Idowu; Galappaththi, Eranga K; Joe, Elphin Tom; Lesnikowski, Alexandra; Mach, Katharine J; Musah-Surugu, Justice Issah; Nagle Alverio, Gabriela; Segnon, Alcade C; Siders, AR; ",A global assessment of policy tools to support climate adaptation,Climate Policy,22,1,77-96,2022,Taylor & Francis
"Issahaku, Gazali; Abdul-Rahaman, Awal; Amikuzuno, Joseph; ","Climate change adaptation strategies, farm performance and poverty reduction among smallholder farming households in Ghana",Climate and Development,13,8,736-747,2021,Taylor & Francis
"Vignola, Raffaele; Harvey, Celia Alice; Bautista-Solis, Pavel; Avelino, Jacques; Rapidel, Bruno; Donatti, Camila; Martinez, Ruth; ","Ecosystem-based adaptation for smallholder farmers: Definitions, opportunities and constraints","Agriculture, Ecosystems & Environment",211,,126-132,2015,Elsevier
"Williams, Portia Adade; Crespo, Olivier; Abu, Mumuni; ",Adapting to changing climate through improving adaptive capacity at the local level–The case of smallholder horticultural producers in Ghana,Climate Risk Management,23,,124-135,2019,Elsevier
"Mwadzingeni, Liboster; Mugandani, Raymond; Mafongoya, Paramu L; ",Assessing vulnerability to climate change in smallholder irrigation schemes of Zimbabwe,Sustainability,13,18,10023,2021,MDPI
"Onyimadu, Chukwuemeka Onyebuchi; ","Climate change adaptation and wellbeing among smallholder women farmers in Gwagwalada and Kokona, Nigeria",Futures,153,,103238,2023,Elsevier
"Nigussie, Yalemzewd; van der Werf, Edwin; Zhu, Xueqin; Simane, Belay; van Ierland, Ekko C; ",Evaluation of climate change adaptation alternatives for smallholder farmers in the Upper Blue-Nile Basin,Ecological Economics,151,,142-150,2018,Elsevier
"Antle, John M; Homann-KeeTui, Sabine; Descheemaeker, Katrien; Masikati, Patricia; Valdivia, Roberto O; ","Using AgMIP regional integrated assessment methods to evaluate vulnerability, resilience and adaptive capacity for climate smart agricultural systems",Climate Smart Agriculture: Building Resilience to Climate Change,,,307-333,2017,Springer
"Eriksen, Siri Hallstrom; Kelly, P Mick; ",Developing credible vulnerability indicators for climate adaptation policy assessment,Mitigation and adaptation strategies for global change,12,4,495-524,2007,Springer
"Lamichhane, Prahlad; Hadjikakou, Michalis; Miller, Kelly K; Bryan, Brett A; ","Climate change adaptation in smallholder agriculture: adoption, barriers, determinants, and policy implications",Mitigation and adaptation strategies for global change,27,5,32,2022,Springer
"Singh, Ruchi; Maiti, Sanjit; Garai, Sanchita; Bhakat, Mukesh; Jha, Sujeet Kumar; Dixit, Anil Kumar; Aggarwal, Anjali; ",Assessment of climate resilience index: Insight from Murrah buffalo-based livestock production system of Western India,Agricultural Systems,228,,104390,2025,Elsevier
"Dawid, Ibsa; Haji, Jema; Aman, Mohammed; ",Evaluating farm household resilience and perceptions of the role of small-scale irrigation in improving adaptability to climate change stress: evidence from eastern Ethiopia,Frontiers in Climate,5,,1193910,2023,Frontiers Media SA
"Bai, Yuping; Deng, Xiangzheng; Zhang, Yue; Wang, Chao; Liu, Yu; ",Does climate adaptation of vulnerable households to extreme events benefit livestock production?,Journal of Cleaner Production,210,,358-365,2019,Elsevier
"Yusof, Zainuddin Bin; ",Investigating Policy Instruments for Promoting Climate-Resilient Agricultural Practices in Smallholder Farming Communities: A Socioeconomic and Environmental Perspective,"Transactions on Digital Society, Human Behavior, and Socioeconomic Studies",15,2,9-18,2025,
"Maina, Joseph; Kithiia, Justus; Cinner, Josh; Neale, Ezra; Noble, Sylvia; Charles, Daniel; Watson, James EM; ",Integrating social–ecological vulnerability assessments with climate forecasts to improve local climate adaptation planning for coral reef fisheries in Papua New Guinea,Regional Environmental Change,16,3,881-891,2016,Springer
"Shikwambana, Sydney; Malaza, Ntokozo; Ncube, Bongani; ","Enhancing the resilience and adaptive capacity of smallholder farmers to drought in the Limpopo Province, South Africa",Conservation,2,3,,2022,MDPI
"Chandra, Alvin; Dargusch, Paul; McNamara, Karen E; ","How might adaptation to climate change by smallholder farming communities contribute to climate change mitigation outcomes? A case study from Timor-Leste, Southeast Asia",Sustainability Science,11,3,477-492,2016,Springer
"Abegunde, Victor O; Sibanda, Melusi; Obi, Ajuruchukwu; ",The dynamics of climate change adaptation in Sub-Saharan Africa: A review of climate-smart agriculture among small-scale farmers,Climate,7,11,132,2019,MDPI
"Brown, Peter R; Afroz, Sharmin; Chialue, Lytoua; Chiranjeevi, T; El, Sotheary; Grünbühel, Clemens M; Khan, Iqbal; Pitkin, Cathy; Reddy, V Ratna; Roth, Christian H; ",Constraints to the capacity of smallholder farming households to adapt to climate change in South and Southeast Asia,Climate and Development,11,5,383-400,2019,Taylor & Francis
"Walawalkar, Tanvi P; Hermans, Leon M; Evers, Jaap; ",Evaluating behavioural changes for climate adaptation planning,Journal of Environmental Planning and Management,66,7,1453-1471,2023,Taylor & Francis
"Hasibuan, Abdul Muis; Wulandari, Suci; Ardana, I Ketut; Wahyudi, Agus; ","Understanding climate adaptation practices among small-scale sugarcane farmers in Indonesia: The role of climate risk behaviors, farmers’ support systems, and crop-cattle integration","Resources, Environment and Sustainability",13,,100129,2023,Elsevier
"Khanal, Uttam; Wilson, Clevo; Lee, Boon; Hoang, Viet-Ngu; ",Do climate change adaptation practices improve technical efficiency of smallholder farmers? Evidence from Nepal,Climatic Change,147,3,507-521,2018,Springer
"Yeleliere, Enoch; Nyamekye, Andy Bonaventure; Antwi-Agyei, Philip; Boamah, Emmanuel Frimpong; ",Strengthening climate adaptation in the northern region of Ghana: insights from a stakeholder analysis,Climate Policy,22,9-10,1169-1185,2022,Taylor & Francis
"Haworth, Billy Tusker; Biggs, Eloise; Duncan, John; Wales, Nathan; Boruff, Bryan; Bruce, Eleanor; ",Geographic information and communication technologies for supporting smallholder agriculture and climate resilience,Climate,6,4,97,2018,MDPI
"Kom, Zongho; Nethengwe, Nthaduleni S; Mpandeli, Sylvester; Chikoore, Hector; ",Indigenous knowledge indicators employed by farmers for adaptation to climate change in rural South Africa,Journal of Environmental Planning and Management,66,13,2778-2793,2023,Taylor & Francis
"Recha, Charles W; Makokha, George L; Shisanya, Chris A; Mukopi, Mercy N; ","Climate variability: attributes and indicators of adaptive capacity in semi-arid tharaka sub-county, Kenya",Open Access Library Journal,4,1,,2017,
"Teklu, Abyiot; Simane, Belay; Bezabih, Mintewab; ",Effectiveness of climate-smart agriculture innovations in smallholder agriculture system in Ethiopia,Sustainability,14,23,16143,2022,MDPI
"Lemos, Maria Carmen; Lo, Yun-Jia; Nelson, Donald R; Eakin, Hallie; Bedran-Martins, Ana Maria; ",Linking development to climate adaptation: Leveraging generic and specific capacities to reduce vulnerability to drought in NE Brazil,Global Environmental Change,39,,170-179,2016,Elsevier
"Mazenda, Adrino; Obi, Ajuruchukwu; Kisaka‐Lwayo, Maggie; Antwi, Michael; ",Climate Change Risks and Climate Adaptation in Agro‐Processing Enterprises,Climate Resilience and Sustainability,5,1,e70030,2026,Wiley Online Library
"Madaki, Mustapha Yakubu; Ullah, Ayat; Ahado, Samuel; Agyemang, Sylvester Amoako; Kofi, Tulasi Oliver; Darr, Dietrich; Bavorova, Miroslava; ",Small dams for climate Adaptation: Evidence from Ghana's one-village-one-dam program for water security and agro-pastoral resilience in semi-arid Africa,Journal of Environmental Management,393,,127164,2025,Elsevier
"Ankrah, Daniel Adu; Kwapong, Nana Afranaa; Boateng, Seth Dankyi; ",Indigenous knowledge and science-based predictors reliability and its implication for climate adaptation in Ghana,"African Journal of Science, Technology, Innovation and Development",14,4,1007-1019,2022,Routledge
"Mugandani, Raymond; Muziri, Tavagwisa; Murewi, Cyril Tapiwa Farai; Mugadza, Amanda; Chitata, Tavengwa; Sungirai, Marvelous; Zirebwa, Farai Solomon; Manhondo, Petronella; Mupfiga, Elvis Tawanda; Nyamutowa, Charles; ",Mapping and managing livelihoods vulnerability to drought: A case study of Chivi District in Zimbabwe,Climate,10,12,189,2022,MDPI
"Pritchard, Bill; Sekher, Madhushree; Maitra, Chandana; Nandgaye, Vicky; ","Do climate adaptation programmes potentially exacerbate rural inequality? Identifying beneficiaries of a drought mitigation scheme in Maharashtra, India",Climate and Development,17,5,458-470,2025,Taylor & Francis
"Mungai, Edward M; Ndiritu, S Wagura; Da Silva, Izael; ",Unlocking climate finance potential for climate adaptation: case of climate smart agricultural financing in Sub Saharan Africa,African handbook of climate change adaptation,,,2063-2083,2021,Springer
"Koppa, Nisha; Amarnath, Giriraj; ",Geospatial assessment of flood-tolerant rice varieties to guide climate adaptation strategies in India,Climate,9,10,151,2021,MDPI
"Tambet, Heleene; Stopnitzky, Yaniv; ",Climate adaptation and conservation agriculture among Peruvian farmers,American Journal of Agricultural Economics,103,3,900-922,2021,Wiley Online Library
"Teklu, Abyiot; Simane, Belay; Bezabih, Mintewab; ",Effect of climate smart agriculture innovations on climate resilience among smallholder farmers: empirical evidence from the Choke Mountain watershed of the blue Nile Highlands of Ethiopia,Sustainability,15,5,4331,2023,MDPI
"Sainsbury, Nigel C; Turner, Rachel A; Townhill, Bryony L; Mangi, Stephen C; Pinnegar, John K; ",The challenges of extending climate risk insurance to fisheries,Nature Climate Change,9,12,896-897,2019,Nature Publishing Group UK London
"Wang, Shangao; Mustafa, Panhwar Ghulam; Mwalupaso, Gershom Endelani; Li, Zhou; ",Nexus of climate change adaptation and household wealth in climate risk hotspots–Insights from rural farm households of Pakistan,Climate Risk Management,48,,100704,2025,Elsevier
"Pickson, Robert Becker; He, Ge; ","Smallholder farmers’ perceptions, adaptation constraints, and determinants of adaptive capacity to climate change in Chengdu",Sage Open,11,3,21582440211032638,2021,"SAGE Publications Sage CA: Los Angeles, CA"
"Bashiru, Hameed Akande; Oseni, Saidu Oyarekhua; ",Simplified climate change adaptation strategies for livestock development in low-and middle-income countries,Frontiers in Sustainable Food Systems,9,,1566194,2025,Frontiers Media SA
"Kichamu, Edith Afandi; Ziro, John Safari; Palaniappan, Gomathy; Ross, Helen; ",Climate change perceptions and adaptations of smallholder farmers in Eastern Kenya,"Environment, development and sustainability",20,6,2663-2680,2018,Springer
"Salgueiro-Otero, Diego; Barnes, Michele L; Ojea, Elena; ",Climate adaptation pathways and the role of social-ecological networks in small-scale fisheries,Scientific Reports,12,1,15526,2022,Nature Publishing Group UK London
"Herwehe, Lauren; Scott, Christopher A; ",Drought adaptation and development: small-scale irrigated agriculture in northeast Brazil,Climate and Development,10,4,337-346,2018,Taylor & Francis
"Alvarez, Cesar Ivan; Govind, Ajit; Bollas, Anna Muñoz; Waha, Katharina; Labbaci, Adnane; ",Seasonal agricultural vulnerability in semi-arid Morocco: combining remote sensing and farmer knowledge to inform climate adaptation,Climatic Change,179,4,64,2026,Springer
"Nidumolu, Uday; Adusumilli, Ravindra; Tallapragada, Chiranjeevi; Roth, Christian; Hochman, Zvi; Sreenivas, G; Raji Reddy, D; Ratna Reddy, V; ",Enhancing adaptive capacity to manage climate risk in agriculture through community-led climate information centres,Climate and Development,13,3,189-200,2021,Taylor & Francis
"Catacutan, Delia C; Harvey, Celia A; Öborn, Ingrid; van Noordwijk, Meine; ",Climate risk management in smallholder agriculture,Frontiers in Climate,4,,1087219,2022,Frontiers Media SA
"Shanta, Subrina Ahmed; Islam, Md Shohidul; Ghosh, Bikash Chandra; ",Bridging financial gaps to enhance climate resilience and agricultural productivity of smallholder farmers in Northwestern Bangladesh,Discover Sustainability,,,,2025,Springer
"Comia, Heráclito Rodrigues; Beyene Kenee, Fekadu; Mucova, Serafino Afonso Rui; Pereira, Henrique dos Santos; Charles Nelson, Fred; Vitorino Macuácua, Xadreque; de Jesus Maria, Olga Herculano; ","Understanding the determinants of climate change adaptation choices among smallholder farmers and existing barriers in Metuge district, northern Mozambique",Cogent Food & Agriculture,12,1,2626600,2026,Taylor & Francis
"Acevedo, Maricelis; Pixley, Kevin; Zinyengere, Nkulumo; Meng, Sisi; Tufan, Hale; Cichy, Karen; Bizikova, Livia; Isaacs, Krista; Ghezzi-Kopel, Kate; Porciello, Jaron; ",A scoping review of adoption of climate-resilient crops by small-scale producers in low-and middle-income countries,Nature plants,6,10,1231-1241,2020,Nature Publishing Group UK London
"Oloko, Ayodele; Teh, Louise; Le Billon, Philippe; Cheung, William; Harper, Sarah; Sumaila, Ussif Rashid; ","Making the case for gender-inclusive fisheries governance, policies and climate adaptation",Discover Oceans,1,1,33,2024,Springer
"Yeleliere, Enoch; Antwi-Agyei, Philip; Guodaar, Lawrence; ",Farmers response to climate variability and change in rainfed farming systems: Insight from lived experiences of farmers,Heliyon,9,9,,2023,Elsevier
"Sowman, Merle; Rebelo, Xavier; ","Sustainability, disaster risk reduction and climate change adaptation: building from the bottom up–a South African perspective from the small-scale fisheries sector","Creating Resilient Futures: Integrating Disaster Risk Reduction, Sustainable Development Goals and Climate Change Adaptation Agendas",,,151-181,2021,Springer
"Makate, Clifton; ",Local institutions and indigenous knowledge in adoption and scaling of climate-smart agricultural innovations among sub-Saharan smallholder farmers,International Journal of Climate Change Strategies and Management,12,2,270-287,2020,Emerald Publishing Limited
"Nkoana, Elvis Modikela; Verbruggen, Aviel; Hugé, Jean; ",Climate change adaptation tools at the community level: An integrated literature review,Sustainability,10,3,796,2018,MDPI
"Salam, Dauda Abdul-Rahaman; Sarkodie-Addo, Joseph; Kankam-Boadu, Isaac; Boakyewaa Adu, Gloria; Adjei-Gyapong, Thomas; ",Assessing the Adoption of Drought-Tolerant Maize Genotypes as a Climate Adaptation Measure in Northern Ghana,Agriculture,16,7,815,2026,MDPI
"Critchley, William; Harari, Nicole; Mollee, Eefke; Mekdaschi-Studer, Rima; Eichenberger, Joana; ",Sustainable land management and climate change adaptation for small-scale land users in Sub-Saharan Africa,Land,12,6,1206,2023,MDPI
"Mujayin, Yudi; Rahayu, Ritha; ",Adaptation strategies of smallholder farmers in facing climate change and its impact on livestock productivity in rural areas,The Journal of Academic Science,1,6,731-737,2024,
"Opoku Mensah, Seth; Jacobs, Brent; Cunningham, Rebecca; ",The role of intersectionality in shaping adaptive capacity of smallholder farmers in the Talensi district of Ghana,Climate and Development,17,8,759-774,2025,Taylor & Francis
"Kandel, Giri Prasad; Bavorova, Miroslava; Ullah, Ayat; Pradhan, Prajal; ",Food security and sustainability through adaptation to climate change: Lessons learned from Nepal,International Journal of Disaster Risk Reduction,101,,104279,2024,Elsevier
"Osei-Acheampong, Bismark; Opoku Mensah, Seth; ",Impact of the rural enterprise programme interventions on smallholder farmers’ climate adaptation strategies: Qualitative evidence from Ghana’s transitional agro-ecological zone,Community Development,56,1,125-150,2025,Taylor & Francis
"Adhikari, Shankar; ",Drought impact and adaptation strategies in the mid-hill farming system of western Nepal,Environments,5,9,101,2018,MDPI
"Mayoyo, Alfios; Chapoto, Antony; Matchaya, Greenwell; Aheeyar, Mohamed; Chiwunze, Gamuchirai; Ebrahim, Girma; Ajayi, Oluyede Clifford; Afun-Ogidan, O; Fakudze, Bhekiwe; Kasoma-Pele, Winnie; ",Digital climate adaptation in agriculture profile for Zimbabwe,"Colombo, Rotterdam, and Abidjan: International Water Management Institute, Global Centre on Adaptation, and the African Development Bank",,,,2023,
"Angeline, Mujeyi; Lovemore, Musemwa; Vincent, Munyati; ",Mainstreaming Circular Ecosystem-Based Approach into National Climate Adaptation Strategies: Enhancing Resilience and Sustainability of Crop-Livestock Systems in Africa’s Drylands,Land Restoration Through Ecosystem-Based Approach: Contexts from Drylands of the Global South,,,571-593,2025,Springer
"Alawode, Adedapo; ",Assessing climate change impacts on agricultural productivity and rural livelihoods in Sub-Saharan Africa,International Journal of Research Publication and Reviews (2025),,,,2025,
"Ho, Tien DN; Kuwornu, John KM; Tsusaka, Takuji W; ",Factors influencing smallholder rice farmers’ vulnerability to climate change and variability in the Mekong Delta Region of Vietnam,The European Journal of Development Research,34,1,272-302,2022,Springer
"Akinkuolie, Timothy A; Ogunbode, Timothy O; Adekiya, Aruna O; ",Resilience to climate-induced food insecurity in Nigeria: a systematic review of the role of adaptation strategies in flood and drought mitigation,Frontiers in Sustainable Food Systems,8,,1490133,2025,Frontiers Media SA
"Nowak, Andreea C; Rosenstock, Todd S; ",Foundations for common approaches to measure global adaptation actions in the agriculture sector: Highlights from an analysis of existing climate adaptation frameworks,,,,,2020,"CGIAR Research Program on Climate Change, Agriculture and Food Security"
"Hobday, Alistair J; Little, L Richard; Watson, James R; Spillman, Claire M; ",Parametric insurance for climate adaptation in fisheries and aquaculture,Reviews in Fish Biology and Fisheries,35,1,175-185,2025,Springer
"Hoa Sen, Le Thi; Bond, Jennifer; Hoang, Ho Dac Thai; ",Exploring smallholder farmers’ climate adaptation decision-making in mountainous areas of Central Vietnam: implications for extension services,The Journal of Agricultural Education and Extension,29,2,247-268,2023,Taylor & Francis
"Ceesay, Sheriff; Lambarraa-Lehnhardt, Fatima; Ndiaye, Mohamed Ben Omar; Thiaw, Diatou; Sawaneh, Mamma; Schuler, Johannes; ",Farmers’ perceptions of the efficacy of current climate risk adaptation and mitigation strategies on agriculture in The Gambia,Land,14,3,622,2025,MDPI
"Antwi-Agyei, Philip; ",Vulnerability and adaptation of Ghana’s food production systems and rural livelihoods to climate variability,,,,,2012,University of Leeds
"Asfaw, Amogne; Bantider, Amare; Simane, Belay; Hassen, Ali; ",Smallholder farmers’ livelihood vulnerability to climate change-induced hazards: agroecology-based comparative analysis in Northcentral Ethiopia (Woleka Sub-basin),Heliyon,7,4,,2021,Elsevier
"Galappaththi, Eranga K; Schlingmann, Anna; ",The sustainability assessment of Indigenous and local knowledge-based climate adaptation responses in agricultural and aquatic food systems,Current Opinion in Environmental Sustainability,62,,101276,2023,Elsevier
"Zvobgo, Luckson; ","The role of indigenous and local knowledge on climate adaptation for smallholder farmers in Chiredzi, Zimbabwe",,,,,2024,
"Kori, Dumisani Shoko; ",A typology of climate adaptation costs for a smallholder maize farming system,Climate Risk Management,40,,100517,2023,Elsevier
"Erezi, Elona; Ehi, Ogar Elizabeth; Ayodeji, Oladosu Tosin; ",Promoting sustainable agriculture and climate resilience in African nations,International Journal of Agriculture and Earth Science,9,5,27-45,2023,
"Okoth, Yvonne A; Osewe, Maurice; Liu, Aijun; ",Sustainable agricultural technologies and livelihoods of smallholder farmers in Uganda,Chemical Engineering Transactions,113,,199-204,2024,
"Chisanga, Kafula; Mvula, Andrew Bosco; Taban, Habibu; ",The role of indigenous knowledge in climate adaptation: experiences with farmer perceptions from climate change project in Sedumbwe Agricultural Camp of Southern Zambia,,,,,2017,International Journal of Scientific and Research Publications
"Lee, Nancy; Matthews, Samuel; Reid, James; ",Does World Bank Climate Adaptation Finance Go to the Most Vulnerable Countries?,CGD Policy Paper,355,,,2025,
"Mzimela, Jabulile H; Moyo, Inocent; ","An intersectional analysis of the collective efficacy-drought adaptation nexus among small-scale farmers in uMkhanyakude District Municipality, South Africa",Environmental Sociology,12,1,169-185,2026,Taylor & Francis
"Sudan, Falendra Kumar; McKay, Jennifer; ","Climate adaptation and governance and small-scale farmers’ vulnerability through artificial glacier technology: Experiences from the cold Desert of Leh in North-West Himalaya, India","Managing Water Resources Under Climate Uncertainty: Examples from Asia, Europe, Latin America, and Australia",,,319-342,2014,Springer
"Zakaria, Abraham; Al-hassan, Seidu; ",Unpacking land tenure security and smallholder farmers' investment in climate adaptation strategies: accounts from Northern Ghana,Property Management,,,1-26,2026,Emerald Publishing Limited
"Khumalo, Knowledge; ",Climate Smart Agriculture techniques as a strategy for Climate Adaptation by Smallholder Farmers in Nkayi District,Available at SSRN 3900538,,,,2021,
"Kori, DS; Zhou, L; Sibanda, M; ",A retrospective analysis of climate adaptation strategies and implications for food and nutrition security among small-scale farmers in South Africa,Frontiers in Sustainable Food Systems,7,,1139078,2023,Frontiers Media SA
"Yessoufou, Adjani Nourou-Dine; Kumar, Shalander; Houessionon, Prosper; Worou, Omonlola Nadine; Wane, Abdrahmane; Whitbread, Anthony; ",Vulnerability and resilience in the face of climate changes in Senegal's drylands: measurement at the household level and determinant assessment,Frontiers in Climate,6,,1330025,2024,Frontiers Media SA
"Olarewaju, Olaoluwa Omoniyi; Fawole, Olaniyi Amos; Baiyegunhi, Lloyd JS; Mabhaudhi, Tafadzwanashe; ",Integrating sustainable agricultural practices to enhance climate resilience and food security in Sub-Saharan Africa: a multidisciplinary perspective,Sustainability,17,14,6259,2025,MDPI
"Asfaw, Solomon; Coromaldi, Manuela; Lipper, Leslie; ",Adaptation to climate risk and food security: Evidence from smallholder farmers in Ethiopia,,,,,2015,
"Thornton, Philip K; Wollenberg, Eva K; Cramer, Laura K; ",Livestock and climate change: Outlook for a more sustainable and equitable future,,,,,2024,International Livestock Research Institute
"Priya, N Krishna; Khatri, Aastha; Kumar, Amit; Samota, Santosh Devi; Vishwakarma, Santosh Kumar; Sukdeve, Eshant Kumar; Pathak, AK; ",The Important Role of Extension Services in Strengthening the Capacity of Farmers’ Resilience to Climate Change in India,Journal of Experimental Agriculture International,47,3,204-223,2025,
"Leavy, Jennifer; ",‘Adaptive social protection’: Synergies for poverty reduction,IDS Bulletin,,,,2009,
"Descheemaeker, Katrien; Masikati, Patricia; MacCarthy, Dilys Sefakor; ",Climate change: impacts and adaptation in smallholder farming systems in sub-Saharan Africa,Pathways to African food security,,,150-159,2025,Routledge
"Ndlovu, Everson; ","Government Safety Nets as Catalysts for Climate Adaptation and Women's Empowerment in Agriculture: Insights from Mbire District, Zimbabwe",,,,,2025,
"Williams, Portia Adade; Crespo, Olivier; Abu, Mumuni; ",Assessing vulnerability of horticultural smallholders’ to climate variability in Ghana: applying the livelihood vulnerability approach: PA Williams et al.,"Environment, development and sustainability",22,3,2321-2342,2020,Springer
"Onyeneke, Robert Ugochukwu; Nwajiuba, Chinyere Augusta; Emenekwe, Chukwuemeka Chinonso; Nwajiuba, Anurika; Onyeneke, Chinenye Judith; Ohalete, Precious; Uwazie, Uwazie Iyke; ",Climate change adaptation in Nigerian agricultural sector: A systematic review and resilience check of adaptation measures,AIMS Agriculture and Food,4,4,967-1006,2019,
"Shin, Seongmin; Ichihara, Mai; Sokourenko, Kristina; Liao, Chuan; ",Everyday climate adaptation practices in agriculture contribute to food security in Sub-Saharan Africa,Ecology and Society,29,4,,2024,The Resilience Alliance
"Green, Kristen M; Selgrath, Jennifer C; Frawley, Timothy H; Oestreich, William K; Mansfield, Elizabeth J; Urteaga, Jose; Swanson, Shannon S; Santana, Francisca N; Green, Stephanie J; Naggea, Josheena; ","How adaptive capacity shapes the Adapt, React, Cope response to climate impacts: insights from small-scale fisheries",Climatic Change,164,1,15,2021,Springer
"Guodaar, Lawrence; Asante, Felix; ","Using a factor analysis to understand climate adaptation barriers impeding smallholder tomato farmers in the Offinso North District, Ghana",Cogent Food & Agriculture,4,1,1504507,2018,Taylor & Francis
"Panja, Amitava; Garai, Sanchita; Maiti, Sanjit; Bhattacharjee, Subhradip; Zade, Siddhesh; Veldandi, Apoorva; Sahani, Shravani; Dutta, Suchandra; Reddy, Anil Kumar; Sankhala, Gopal; ",Climate adaptation in agricultural sector of coastal India: a comprehensive exploration of adaptation strategies,Mitigation and Adaptation Strategies for Global Change,29,8,92,2024,Springer
"Fionnagáin, D Ó; Geever, M; O’Farrell, J; Codyre, P; Trearty, R; Tessema, YM; Reymondin, Louis; Loboguerrero, Ana Maria; Spillane, Charlie; Golden, A; ",Assessing climate resilience in rice production: measuring the impact of the Millennium Challenge Corporation’s IWRM scheme in the Senegal River Valley using remote sensing and machine learning,Environmental Research Letters,19,7,074075,2024,IOP Publishing
"Aya, Comfort; ",A Social-Ecological Systems Modelling Approach to Climate Resilience among Fisheries Extension Workers in the Calabar Agricultural Zone,Journal of Agricultural Extension,30,2,42-58,2026,
"Munyaka, Jean-Claude Baraka; Abdem, Seyid Abdellahi Ebnou; Gallay, Olivier; Mutandwa, Edward; Timu, Lolemtum Joseph; Adier, Milton Bwibo; Tamanikwa, Tinotenda; Chipise, Shawn; Gondo, Davison; Pfuma, Herbert; ",Modelling Resilience: Extension and Community-Based Adaptation in Kenya and Zimbabwe,Available at SSRN 5260157,,,,2025,
"Engelhard, Georg H; Bova, Chris; Gusha, M Natanah C; Harrod, Olivia L; Kadhila, Timoteus; Kanyimba, Alex; Khan, Usman; Kreiner, Anja; Nghipangelwa, Sandy; Olwage, Elsemi; ",Climate risk assessment of the fisheries in Namibia,Reviews in Fish Biology and Fisheries,34,4,1231-1260,2024,Springer
"Serraj, R; Garwe, EC; Bouhssini, M El; Chehbouni, A; Gerard, B; ","Transforming African agriculture, water, and climate resilience-the vision behind establishing UM6P's College of Agricultural and Environmental Science",Outlook on Agriculture,54,3,201-211,2025,"SAGE Publications Sage UK: London, England"
"Chepkochei, Lucy C; Karanja, Faith; Siriba, David; ","Gendered differentiated determinants of climate-smart agricultural practices adoption in livestock farming systems in Baringo County, Kenya",Climate Smart Agriculture,,,100069,2025,Elsevier
"Ariom, Thaddaeus Obaji; Dimon, Elodie; Nambeye, Eva; Diouf, Ndèye Seynabou; Adelusi, Oludotun Olusegun; Boudalia, Sofiane; ",Climate-smart agriculture in African countries: A Review of strategies and impacts on smallholder farmers,Sustainability,14,18,11370,2022,MDPI
"Ahmed, Mukhtar; ","Climate change and farming system: A review of status, potentials, and further work needs for disaster risk reduction",Disaster risk reduction in agriculture,,,1-19,2023,Springer
"Okoronkwo, David John; Ozioko, Remigius Ikechukwu; Ugwoke, Rachael Ujunwa; Nwagbo, Uzoh Victor; Nwobodo, Cynthia; Ugwu, Chidiebere Happiness; Okoro, Gozie Godswill; Mbah, Esther C; ",Climate smart agriculture? Adaptation strategies of traditional agriculture to climate change in sub-Saharan Africa,Frontiers in Climate,6,,1272320,2024,Frontiers Media SA
"Ziervogel, Gina; ",Climate adaptation and water scarcity in Southern Africa,Current History,117,799,181-186,2018,JSTOR
"Filho, Walter Leal; Wolf, Franziska; Totin, Edmond; Zvobgo, Luckson; Simpson, Nicholas Philip; Musiyiwa, Kumbirai; Kalangu, Jokastah W; Sanni, Maruf; Adelekan, Ibidun; Efitre, Jackson; ",Is indigenous knowledge serving climate adaptation? Evidence from various African regions,Development Policy Review,41,2,e12664,2023,Wiley Online Library
"Chipfupa, Unity; Tagwi, Aluwani; Wale, Edilegnaw; ",Psychological capital and climate change adaptation: Empirical evidence from smallholder farmers in South Africa,Jàmbá: Journal of Disaster Risk Studies,13,1,1-12,2021,Ownership of copyright in terms of the Work remains with the Authors.
"Harvey, Celia A; Saborio-Rodríguez, Milagro; Martinez-Rodríguez, M Ruth; Viguera, Barbara; Chain-Guadarrama, Adina; Vignola, Raffaele; Alpizar, Francisco; ",Climate change impacts and adaptation among smallholder farmers in Central America,Agriculture & Food Security,7,1,57,2018,Springer
"Wilson, Steven; ",An opportunistic approach to climate resilience in developing countries,"Private-sector action in adaptation: Perspectives on the role of micro, small and medium size enterprises",,,39,2018,
"Huyer, Sophia; Gumucio, Tatiana; Tavenner, Katie; Acosta, Mariola; Chanana, Nitya; Khatri-Chhetri, Arun; Mungai, Catherine; Ouedraogo, Mathieu; Otieno, Gloria; Radeny, Maren; ",From vulnerability to agency in climate adaptation and mitigation,"Advancing gender equality through agricultural and environmental research: Past, present, and future",,,261,2021,International Food Policy Research Institute (IFPRI)
"Wood, Stephen A; Jina, Amir S; Jain, Meha; Kristjanson, Patti; DeFries, Ruth S; ",Smallholder farmer cropping decisions related to climate variability across multiple regions,Global Environmental Change,25,,163-172,2014,Elsevier
"Azumah, Shaibu Baanni; Adzawla, William; Donkoh, Samuel A; Anani, Paul Yao; ",Effects of climate adaptation on households’ livelihood vulnerability in South Tongu and Zabzugu districts of Ghana,Climate and Development,13,3,256-267,2021,Taylor & Francis
"Choquette-Levy, Nicolas; Wildemeersch, Matthias; Oppenheimer, Michael; Levin, Simon A; ",Risk transfer policies and climate-induced immobility among smallholder farmers,Nature Climate Change,11,12,1046-1054,2021,Nature Publishing Group UK London
"Wereta, Melkamu Sete; Ayele, Zemen Ayalew; Damtie, Yilebes Addisu; ",A review on climate-smart agriculture technologies and its impacts on small-scale farmers' livelihood in Ethiopia,Journal of Water and Climate Change,16,6,1913-1926,2025,IWA Publishing
"Aliyar, Qurban; Devakumar, AS; Shivaramu, HS; Abdollahzadeh, Gholamhossein; ",Determinants in the adoption of drought adaptation strategies of smallholder farmers in drought-prone areas of India,Theoretical and Applied Climatology,156,3,152,2025,Springer
"Maja, Mengistu M; Idiris, Abdurahim A; Terefe, Aemro T; Fashe, Muluneh M; ","Gendered vulnerability, perception and adaptation options of smallholder farmers to climate change in eastern Ethiopia",Earth Systems and Environment,7,1,189-209,2023,Springer
"Amsalu, Amare; Garedew, Weyessa; Melka, Girma Alemu; Çelik, Mehmet Ali; Gemeda, Dessalegn Obsi; ","Smallholder farmers’ adaptation strategies among coffee farming household heads in the Kafa biosphere reserve, Ethiopia",Scientific Reports,,,,2026,Nature Publishing Group UK London
"Omerkhil, Najibullah; Kumar, Praveen; Mallick, Manisha; Meru, Lungyina B; Chand, Tara; Rawat, PS; Pandey, Rajiv; ",Micro-level adaptation strategies by smallholders to adapt climate change in the least developed countries (LDCs): Insights from Afghanistan,Ecological Indicators,118,,106781,2020,Elsevier
"Machibula, Christopher Sylvestor; Nungula, Emmanuely Zephaline; ","Climate adaptation strategies and sustainable paddy production: a systematic policy review of the water-energy-food nexus in Mbarali district, Tanzania",Cogent Food & Agriculture,12,1,2604873,2026,Taylor & Francis
"Omokpariola, Daniel O; Agbanu-Kumordzi, Cecilia; Samuel, Twizerimana; Kiswii, Lydhia; Moses, Godiya S; Adelegan, Abigail M; ","Climate change, crop yield, and food security in Sub-Saharan Africa",Discover Sustainability,6,1,678,2025,Springer
"Moseley, William G; ","Agriculture on the brink: climate change, labor and smallholder farming in Botswana",Land,5,3,21,2016,MDPI
"Olabanji, Mary Funke; Chitakira, Munyaradzi; ","The adoption and scaling of climate-smart agriculture innovation by smallholder farmers in South Africa: A review of institutional mechanisms, policy frameworks and market dynamics",World,6,2,51,2025,MDPI
"Maiti, Sanjit; Panja, Amitava; Deo, Aniket; Bora, Kaushik; Garai, Sanchita; Shirsath, Paresh; Rao, CA Rama; Aggarwal, Pramod K; ",Climate Adaptation in South Asian Livestock Production Systems: Emerging Trends and Contextual Insights for Policy Imperatives,VeriXiv,2,,373,2025,"F1000 Research Limited London, UK"
"Agyekumhene, Christopher; Vyas, Shalika; Brouwer, Simeon; Chilambe, Pedro; Ghosh, Aniruddha; Girvetz, Evan; ",Enhancing smallholder credit access: De-risking farmers through climate adaptation measures in maize mixed systems,,,,,2023,
"Ogoma, Maurice Ongonga; ","Application of community climate change adaptation assessment tools for climate adaptation planning in Yala wetlands complex, Lake Victoria Basin, Kenya",Open Journal of Ecology,,,,2023,
"Onyango, Rohin; Nzengya, Daniel; ",Climate change adaptation strategies among smallholder farmers in sub-saharan africa: a systematic review,African Multidisciplinary Journal of Research,,,350-365,2023,
"Musau, Francis Mutuku; ","Towards Assessing the Impact of TWENDE Project on Climate Resilience, Incomes and Livestock Units of Pastoral Communities in Kenya: Baseline estimates using Propensity Score Matching and Difference-in-Differences Analyses.","Incomes and Livestock Units of Pastoral Communities in Kenya: Baseline estimates using Propensity Score Matching and Difference-in-Differences Analyses.(July 12, 2022)",,,,2022,
"Nhuong, Bui Huy; Truong, Dinh Duc; Huan, Le Huy; Lan, Bui Thi Hoang; Hang, Nguyen Dieu; Tam, Duong Duc; ",Factors influencing farming households’ climate change adaptation strategies in Central Vietnam,Plos one,20,7,e0328058,2025,"Public Library of Science San Francisco, CA USA"
"Tadesse, Getaw; Barry, Ndeye Yacine; ",Adaptation actions to climate change in African agriculture: Effectiveness and challenges,,,,,2024,AKADEMIYA2063
"Mugandani, R; Muziri, T; Murewi, CTF; Mugadza, A; Chitata, T; Sungirai, M; Zirebwa, FS; Manhondo, P; Mupfiga, ET; Nyamutowa, C; ","Mapping and Managing Livelihoods Vulnerability to Drought: A Case Study of Chivi District in Zimbabwe. Climate 2022, 10, 189",,,,,2022,s Note: MDPI stays neutral with regard to jurisdictional claims in published …
"Shukla, Susmita; Chaudhary, Kashish; Phutela, Sparsh; Bhutani, Ritambhara; Shukla, Shiv Kant; ",Smart crop varieties and Precision agriculture: a way ahead for climate-resilient sustainable agriculture,Climate change and agricultural ecosystems,,,435-466,2025,Elsevier
"Makate, Clifton; ","Effective scaling of climate smart agriculture innovations in African smallholder agriculture: A review of approaches, policy and institutional strategy needs",Environmental science & policy,96,,37-51,2019,Elsevier
"Matewos, Tafesse; ","Deconstructing institutional roles in climate change adaptation: The case of local public institutions in drought-prone districts of Sidama, Southern Ethiopia",Environmental Science & Policy,98,,47-53,2019,Elsevier
"Vyas, Shalika; Chilambe, Pedro; Ghosh, Aniruddha; Timu, Anne; Sartas, Murat; Ramirez Villegas, Julian; ",ShambaShield: Scaling climate resilience for smallholders,,,,,2024,
"He, Xinjun; Huang, Anyi; Yan, Jianzhong; Zhou, Hong; Wu, Ya; Yang, Liang Emlyn; Paudel, Basanta; ",Smallholders’ climate change adaptation strategies on the eastern Tibetan Plateau,Natural Hazards,118,1,641-667,2023,Springer
"Quang, Nguyen Minh; De Wit, Joop; ",Transformative learning and grassroots climate adaptation: case studies in Vietnam's Mekong delta,Nature Conservation,39,,19-43,2020,Pensoft Publishers
"Bryan, Elizabeth; Ringler, Claudia; Okoba, Barrack; Koo, Jawoo; Herrero, Mario; Silvestri, Silvia; ","Can agriculture support climate change adaptation, greenhouse gas mitigation and rural livelihoods? Insights from Kenya",Climatic change,118,2,151-165,2013,Springer
"Panja, Amitava; Garai, Sanchita; Maiti, Sanjit; Goswami, Rupak; Zade, Siddhesh; Veldandi, Apoorva; Gangopadhyay, Dipjyoti; Sankhala, Gopal; ","Mapping resilience pathway of smallholder farming community to cyclone-led climate disasters in coastal West Bengal, India",Global Environmental Change,96,,103108,2026,Elsevier
"Chatsiwa, Jaison; ","Vulnerability to Climate Variability of Smallholder Farmers in Gutu District, Zimbabwe: A Pro-Poor Asset Adaptation Approach",Journal of Asian and African Studies,60,8,5289-5309,2025,"SAGE Publications Sage UK: London, England"
"Fisher, Eleanor; Hellin, Jon; Greatrex, Helen; Jensen, Nathaniel; ",Index insurance and climate risk management: Addressing social equity,Development Policy Review,37,5,581-602,2019,Wiley Online Library
"Antwi-Agyei, Philip; Nyantakyi-Frimpong, Hanson; ",Evidence of climate change coping and adaptation practices by smallholder farmers in northern Ghana,Sustainability,13,3,1308,2021,MDPI
"Saguye, Tesfaye Samuel; ","Determinants of smallholder farmers’ adoption of climate change and variability adaptation strategies: Evidence from Geze Gofa District, Gamo Gofa Zone, Southern Ethiopia",J. Environ. Earth Sci,6,9,147-161,2016,
"Antwi-Agyei, Philip; Fraser, Evan DG; Dougill, Andrew J; Stringer, Lindsay C; Simelton, Elisabeth; ","Mapping the vulnerability of crop production to drought in Ghana using rainfall, yield and socioeconomic data",Applied Geography,32,2,324-334,2012,Elsevier
"Assan, Never; Ncube, Sithembinkosi; Sibanda, Nkululeko; ",Psychological and Behavioral Drivers of Sustainable Smallholder Agriculture under Climate Change in Sub-Saharan Africa,,,,,2026,
"Dinh, Nguyen Cong; Tan, Nguyen Quang; Ty, Pham Huu; Phuong, Tran Thi; Linh, Nguyen Hoang Khanh; ",Bridging climate vulnerability and household poverty: perspectives from coastal fishery communities in Vietnam,Local Environment,30,9,1130-1147,2025,Taylor & Francis
"Shrestha, Shobha; Chapagain, Prem Sagar; Zhang, Yili; Liu, Linshan; Yan, Jianzhong; Rai, Suresh Chand; Islam, Md Nurul; Paudel, Basanta; ","Climate change adaptation: policy, practice and adaptation gaps in the agriculture sector in Bangladesh, India and Nepal",International Journal of Climate Change Strategies and Management,17,1,786-806,2025,Emerald Publishing Limited
"Vermeulen, Sonja J; Dinesh, Dhanush; Howden, S Mark; Cramer, Laura; Thornton, Philip K; ",Transformation in practice: a review of empirical cases of transformational adaptation in agriculture under climate change,Frontiers in Sustainable Food Systems,2,,65,2018,Frontiers Media SA
"Gelaye, Yohannes; Luo, Huaiyong; ","Optimizing peanut (Arachis hypogaea L.) production: genetic insights, climate adaptation, and efficient management practices: systematic review",Plants,13,21,2988,2024,MDPI
"Tuyen, Duong Thi; Lebailly, Philippe; Truong, Quan Tan; Ho, Thi Minh Hop; Burny, Philippe; ","Alternative crops for climate adaptation in low-lying regions: The case of lotus farming in Thua Thien Hue Province, Central Vietnam",Asian Journal of Agriculture and Rural Development,15,3,,2025,Asian Economic and Social Society
"Aryal, Jeetendra Prakash; Sapkota, Tek B; Khurana, Ritika; Khatri-Chhetri, Arun; Rahut, Dil Bahadur; Jat, Mangi Lal; ",Climate change and agriculture in South Asia: adaptation options in smallholder production systems: JP Aryal et al.,"Environment, development and sustainability",22,6,5045-5075,2020,Springer
"Feleke, Hirut Getachew; Amdie, Tesfaye Abebe; Rasche, Frank; Mersha, Sintayehu Yigrem; Brandt, Christian; ",Climate on the edge: impacts and adaptation in Ethiopia’s agriculture,Sustainability,17,11,5119,2025,MDPI
"Vermeulen, Sonja J; Wynter, Alex; ",Working with farmers for agricultural innovation and climate adaptation,,,,,2014,
"KAMANDA, JOHN KOWA; ","Agricultural Transformation for Climate Resilience: A Review of Strategies, Challenges, and Future Directions in Sub-Saharan Africa",International Journal of Big Data Mining for Global Warming,7,01,2530001,2025,World Scientific
"Bwalya, Bridget; Chiluba, Brian Chanda; Mwanza, Kweleka; ",Livestock ownership among smallholder farming households in Eastern Zambia: a gendered pathway for enhancing climate resilience?,Frontiers in Sustainable Food Systems,8,,1487798,2024,Frontiers Media SA
"Ema, Sumaia Jahan; Das, Anna Rani; Sazzad, Sharif Ahmed; ",Coastal livelihoods under pressure: Vulnerability and adaptation among Bangladesh’s small-scale fishers,Pathfinder of Research,3,1,42-71,2025,
"Ogundeji, Abiodun A; ",Adaptation to climate change and impact on smallholder farmers’ food security in South Africa,Agriculture,12,5,589,2022,MDPI
"Kitole, Felician Andrew; Komba, Coretha; ",Challenges and opportunities of climate change adaptation strategies among smallholder horticultural farmers in rural Tanzania,Cogent Food & Agriculture,11,1,2554247,2025,Taylor & Francis
"Bwalya, Bridget; ",Making flood adaptation suitable for farming households,Journal of Preventive and Rehabilitative Medicine,5,1,4-5,2023,
"Chisadza, Bright; Gwate, Onalenna; Musinguzi, Simon Peter; Mpofu, Nkululeko; Macherera, Margaret; Dube, Thulani; ",Resilient agriculture in semi-arid Zimbabwe: adaptation strategies and influencers among smallholder farmers,Discover Agriculture,3,1,76,2025,Springer
"Batungwanayo, Pacifique; Habarugira, Viateur; Vanclooster, Marnik; Ndimubandi, Jean; F. Koropitan, Alan; Nkurunziza, Jean de Dieu; ",Confronting climate change and livelihood: smallholder farmers’ perceptions and adaptation strategies in northeastern Burundi,Regional Environmental Change,23,1,47,2023,Springer
"Aryee, JNA; Chigbu, UE; Mwando, SM; Gilbert, J; ",Sustainable land management and climate adaptation: Current practices and future needs in Namibia,Local Development & Society,,,1-30,2026,Taylor & Francis
"Lipper, Leslie; Cavatassi, Romina; Symons, Ricci; Gordes, Alashiya; Page, Oliver; ",Financing climate adaptation and resilient agricultural livelihoods,"Rural Development Report, IFAD Research Series",,,,2022,
"Ali, Iftikhar; Shah, Ashfaq Ahmad; Alotaibi, Bader Alhafi; Xu, Chong; Ali, Amjad; Ali, Yousuf; ",Unveiling the determinants of climate change adaptation among small Landholders: Insights from a Mountainous Region in Pakistan,Climate Services,38,,100550,2025,Elsevier
"Skees, Jerry R; Barnett, Barry J; Collier, Benjamin; ",Agricultural insurance: Background and context for climate adaptation discussions,Prepared for the OECD Expert Workshop on “Economic Aspects of Adaptation,,,,2008,
"Fagariba, Clifford James; Song, Shaoxian; Soule Baoro, Serge Kevin Gildas; ",Climate change adaptation strategies and constraints in Northern Ghana: Evidence of farmers in Sissala West District,Sustainability,10,5,1484,2018,MDPI
"Omer, Mohamed Abdullahi; Muhumed, Saed Mohamoud; Mohamed, Asma Jama; Ahmed, Mossa Endris; ","Perceptions of climate variability, adaptation strategies, and their determinants among smallholder farmers in the Gabiley Region, Somaliland",Discover Sustainability,6,1,1012,2025,Springer
"Moyo, Martin; Dube, Thabani; van Rooyen, Andre; Bjornlund, Henning; Parry, Karen; Wellington, Michael; Ramshaw, Peter; Pittock, Jamie; ",Adapting smallholder irrigation systems to extreme events: a case of the Transforming Irrigation in Southern Africa (TISA) project in Zimbabwe,International Journal of Water Resources Development,41,2,274-297,2025,Taylor & Francis
"Natarajan, Kolandavel; ",Climate Adaptation Skill Building among Smallholder Farmers-An Experimental Study on Effective Skill Training Methods in South Indian Villages,"Asian Journal of Agricultural Extension, Economics & Sociology",10,4,1-13,2016,
"Brandon, Carter; Kratzer, Bradley; Aggarwal, Aarushi; Heubaum, Harald; ",Strengthening the investment case for climate adaptation: A triple dividend approach,World Resources Institute. https://doi. org/10,46830,,,2025,
