doi,year,final_decision,hard_filter_status,1_population_decision,1_population_quote,1_population_verified,2_concept_decision,2_concept_quote,2_concept_verified,3_context_decision,3_context_quote,3_context_verified,4_methodology_decision,4_methodology_quote,4_methodology_verified,5_geography_decision,5_geography_quote,5_geography_verified,final_decision
,,unclear_no_abstract,exclude_no_abstract,unclear_skipped,,False,unclear_skipped,,False,unclear_skipped,,False,unclear_skipped,,False,unclear_skipped,,False,unclear_no_abstract
,,unclear_no_abstract,exclude_no_abstract,unclear_skipped,,False,unclear_skipped,,False,unclear_skipped,,False,unclear_skipped,,False,unclear_skipped,,False,unclear_no_abstract
10.1163/9789004304987_022,2017.0,unclear_no_abstract,exclude_no_abstract,unclear_skipped,,False,unclear_skipped,,False,unclear_skipped,,False,unclear_skipped,,False,unclear_skipped,,False,unclear_no_abstract
10.1016/j.gloenvcha.2012.12.009,2013.0,unclear_no_abstract,exclude_no_abstract,unclear_skipped,,False,unclear_skipped,,False,unclear_skipped,,False,unclear_skipped,,False,unclear_skipped,,False,unclear_no_abstract
,2022.0,unclear_no_abstract,exclude_no_abstract,unclear_skipped,,False,unclear_skipped,,False,unclear_skipped,,False,unclear_skipped,,False,unclear_skipped,,False,unclear_no_abstract
,,unclear_no_abstract,exclude_no_abstract,unclear_skipped,,False,unclear_skipped,,False,unclear_skipped,,False,unclear_skipped,,False,unclear_skipped,,False,unclear_no_abstract
,,unclear_no_abstract,exclude_no_abstract,unclear_skipped,,False,unclear_skipped,,False,unclear_skipped,,False,unclear_skipped,,False,unclear_skipped,,False,unclear_no_abstract
,,unclear_no_abstract,exclude_no_abstract,unclear_skipped,,False,unclear_skipped,,False,unclear_skipped,,False,unclear_skipped,,False,unclear_skipped,,False,unclear_no_abstract
,,unclear_no_abstract,exclude_no_abstract,unclear_skipped,,False,unclear_skipped,,False,unclear_skipped,,False,unclear_skipped,,False,unclear_skipped,,False,unclear_no_abstract
,,unclear_no_abstract,exclude_no_abstract,unclear_skipped,,False,unclear_skipped,,False,unclear_skipped,,False,unclear_skipped,,False,unclear_skipped,,False,unclear_no_abstract
,,unclear_no_abstract,exclude_no_abstract,unclear_skipped,,False,unclear_skipped,,False,unclear_skipped,,False,unclear_skipped,,False,unclear_skipped,,False,unclear_no_abstract
,,unclear_no_abstract,exclude_no_abstract,unclear_skipped,,False,unclear_skipped,,False,unclear_skipped,,False,unclear_skipped,,False,unclear_skipped,,False,unclear_no_abstract
,,unclear_no_abstract,exclude_no_abstract,unclear_skipped,,False,unclear_skipped,,False,unclear_skipped,,False,unclear_skipped,,False,unclear_skipped,,False,unclear_no_abstract
,,unclear_no_abstract,exclude_no_abstract,unclear_skipped,,False,unclear_skipped,,False,unclear_skipped,,False,unclear_skipped,,False,unclear_skipped,,False,unclear_no_abstract
,,unclear_no_abstract,exclude_no_abstract,unclear_skipped,,False,unclear_skipped,,False,unclear_skipped,,False,unclear_skipped,,False,unclear_skipped,,False,unclear_no_abstract
,,unclear_no_abstract,exclude_no_abstract,unclear_skipped,,False,unclear_skipped,,False,unclear_skipped,,False,unclear_skipped,,False,unclear_skipped,,False,unclear_no_abstract
,,unclear_no_abstract,exclude_no_abstract,unclear_skipped,,False,unclear_skipped,,False,unclear_skipped,,False,unclear_skipped,,False,unclear_skipped,,False,unclear_no_abstract
,,unclear_no_abstract,exclude_no_abstract,unclear_skipped,,False,unclear_skipped,,False,unclear_skipped,,False,unclear_skipped,,False,unclear_skipped,,False,unclear_no_abstract
,,unclear_no_abstract,exclude_no_abstract,unclear_skipped,,False,unclear_skipped,,False,unclear_skipped,,False,unclear_skipped,,False,unclear_skipped,,False,unclear_no_abstract
,,unclear_no_abstract,exclude_no_abstract,unclear_skipped,,False,unclear_skipped,,False,unclear_skipped,,False,unclear_skipped,,False,unclear_skipped,,False,unclear_no_abstract
,,unclear_no_abstract,exclude_no_abstract,unclear_skipped,,False,unclear_skipped,,False,unclear_skipped,,False,unclear_skipped,,False,unclear_skipped,,False,unclear_no_abstract
,,unclear_no_abstract,exclude_no_abstract,unclear_skipped,,False,unclear_skipped,,False,unclear_skipped,,False,unclear_skipped,,False,unclear_skipped,,False,unclear_no_abstract
,,unclear_no_abstract,exclude_no_abstract,unclear_skipped,,False,unclear_skipped,,False,unclear_skipped,,False,unclear_skipped,,False,unclear_skipped,,False,unclear_no_abstract
,,unclear_no_abstract,exclude_no_abstract,unclear_skipped,,False,unclear_skipped,,False,unclear_skipped,,False,unclear_skipped,,False,unclear_skipped,,False,unclear_no_abstract
,,unclear_no_abstract,exclude_no_abstract,unclear_skipped,,False,unclear_skipped,,False,unclear_skipped,,False,unclear_skipped,,False,unclear_skipped,,False,unclear_no_abstract
,,unclear_no_abstract,exclude_no_abstract,unclear_skipped,,False,unclear_skipped,,False,unclear_skipped,,False,unclear_skipped,,False,unclear_skipped,,False,unclear_no_abstract
,,unclear_no_abstract,exclude_no_abstract,unclear_skipped,,False,unclear_skipped,,False,unclear_skipped,,False,unclear_skipped,,False,unclear_skipped,,False,unclear_no_abstract
10.1002/cli2.54,2023.0,unclear,pass,yes,smallholder farm households,True,yes,households’ resilience and vulnerability,True,yes,Climate change is causing serious challenges for smallholder farm households,True,yes,Multinomial endogenous switching regression was used to estimate the average treatment effects (ATEs),True,unclear_bad_quote,"Central Rift Valley, Ethiopia",False,unclear
10.1007/s10668-017-0050-6,2017.0,unclear,pass,yes,questionnaire survey of 720 farming households,True,yes,adoption of agricultural adaptations to climate change impacts,True,yes,climate change has adversely affected agriculture in Nepal,True,yes,employ propensity score matching technique to examine the impact of CBOs on climate change adaptation,True,unclear_bad_quote,seven districts of Nepal,False,unclear
10.1080/17565529.2018.1469965,2018.0,unclear,pass,yes,rice farmers in the Tanahun district of Nepal,True,yes,climate change adaptation practices used by rice farmers,True,unclear_bad_quote,impact of climate change on crop production,False,yes,empirical means of resolving this question,True,unclear_bad_quote,"Tanahun district, Nepal",False,unclear
10.1007/s10113-010-0137-1,2010.0,unclear,pass,unclear,,False,unclear,,False,unclear,,False,unclear,,False,unclear,,False,unclear
10.1007/s10584-018-2168-4,2018.0,unclear,pass,yes,smallholder farmers,True,yes,impact of climate change adaptation practices on technical efficiency (TE),True,yes,minimize the adverse impacts of climate change,True,unclear_bad_quote,empirical study that examine the impact,False,yes,six districts of Nepal representing all three agro-ecological regions,True,unclear
10.1016/j.eap.2022.01.014,2022.0,unclear,pass,yes,farmers take adaptations as the farm size becomes small,True,yes,farmers’ responsiveness to climate change,True,yes,"responses to climate change, hypothesizing that farm size, climatic perceptions and the interplay between the two are key determinants.",True,yes,We conduct a questionnaire survey with 1000 farmers in Nepal,True,unclear_bad_quote,This research addresses what matters for farmers’ responses to climate change in Nepal,False,unclear
10.1596/1813-9450-4308,2007.0,unclear,pass,yes,farmers in Africa,True,unclear_bad_quote,adaptation To Climate Change,False,yes,climate change they believe has occurred,True,yes,The study is based on a large-scale survey,True,yes,11 African countries,True,unclear
10.1016/j.gloenvcha.2008.09.003,2008.0,unclear,pass,unclear,,False,yes,adaptive capacity,True,yes,climate variability and water stress,True,yes,participatory approach,True,yes,"Uttarakhand State, India",True,unclear
10.1093/reep/rey007,2018.0,unclear,pass,unclear,,False,yes,methods for measuring climate adaptation,True,unclear,,False,yes,empirical evidence,True,unclear,,False,unclear
10.1016/j.landusepol.2019.104395,2020.0,unclear,pass,yes,farm households,True,yes,adaptation measures,True,unclear_bad_quote,"climate change (e.g. floods, droughts, heavy rainfalls)",False,yes,A binary logit model was used,True,yes,rural Pakistan,True,unclear
10.1016/j.landusepol.2015.04.028,2015.0,unclear,pass,yes,Farmers’ risk preferences play an important role in agricultural production decisions.,True,yes,how these risk preferences are related to their choices regarding climate change adaptation strategies,True,unclear_bad_quote,Farmers were taking measures to protect their livelihoods against perceived changes to the local climate.,False,yes,The risk experiment result shows that the representative subject was risk averse,True,unclear,,False,unclear
10.1016/j.landusepol.2017.02.026,2017.0,unclear,pass,yes,"Farmers’ adaptation measures included changes in cropping systems, cropping calendars, crop varieties, agronomic practices, crop diversification and improved animal husbandry.",True,yes,"this research explored trends in climate change, and analysed farmers’ adaptation dynamics",True,unclear_bad_quote,Farmers perceived climate changes included increases in temperature and decreases in rainfall which were consistent with the trends of Chuadanga climate records.,False,yes,Using long-term district-level climate data and a case study from a drought-prone village in western Bangladesh,True,yes,case study from a drought-prone village in western Bangladesh,True,unclear
10.1007/s10668-025-06421-y,2025.0,unclear,pass,yes,This study examines the adaptation behavior of farmers,True,yes,Adaptation behavior of farmers confronting a prolonged period of water scarcity,True,yes,Reductions in water availability driven by climate change impose significant challenges,True,unclear_bad_quote,A latent class analysis (LCA) was employed to identify distinct classes of farmers’ behavior regarding their implementation of strategies,False,unclear,a sample of 235 farmers in Central Chile.,True,unclear
10.1016/j.gloenvcha.2011.06.002,2011.0,unclear,pass,unclear,,False,yes,facilitating successful adaptation and enhancing adaptive capacity,True,unclear,,False,yes,drawing on insights from two case studies in the Western Nepal,True,yes,case studies in the Western Nepal,True,unclear
10.1016/j.gloenvcha.2014.12.008,2015.0,unclear,pass,yes,we assessed how 779 farmers responded,True,unclear_bad_quote,how farmers adapt to current weather variability,False,yes,"responded to delayed monsoon onset in fifteen villages in Gujarat, India",True,yes,We assessed how 779 farmers responded to delayed monsoon onset,True,yes,"Gujarat, India during the 2011 growing season",True,unclear
10.1016/j.eap.2022.07.011,2022.0,unclear,pass,unclear,,False,yes,mitigates post-harvest environmental problems and helps cope with existing climate change conditions,True,yes,"farm-level investment in ESA practices, i.e., the use of corrective, preventive, and local standard measures in an integrated way will contribute to the climate-resilience potential of a farm",True,yes,empirical testing employed a structural equations model (SEM),True,yes,two north-western districts of Bangladesh,True,unclear
10.1080/13549839.2022.2068139,2022.0,unclear,pass,yes,Survey data were collected from 220 randomly selected rice farmers,True,yes,adaptation strategies of rice farmers,True,yes,"flood is the main risk to vulnerability, followed by cyclones and storms surges and saline intrusion",True,unclear_bad_quote,Survey data were collected from 220 randomly selected rice farmers... multinomial logit model was applied,False,yes,coastal region of Bangladesh,True,unclear
10.1007/s11069-016-2664-7,2016.0,unclear,pass,unclear,,False,unclear,,False,yes,extremely flood affected area of Sylhet,True,unclear,,False,yes,Bangladesh,True,unclear
10.1016/j.gloenvcha.2008.11.002,2009.0,unclear,pass,unclear,,False,unclear_bad_quote,assessing risks from climate variability and change,False,unclear_bad_quote,estimate climate change vulnerability... natural disasters and climate variability,False,yes,We surveyed 200 households in each district to collect data,True,yes,Mabote and Moma Districts of Mozambique,True,unclear
10.1016/j.jclepro.2020.125332,2021.0,unclear,pass,yes,Through a field survey with 117 head farmers from 89 farmers’ cooperatives,True,yes,perception and adaptive behavior toward climate change,True,yes,"Agriculture is greatly influenced by climate change, especially in developing countries.",True,yes,develops a binary logistic regression (BLR) model,True,unclear,Chongming Island of China - the largest alluvial island in the world,True,unclear
10.3390/w7094593,2015.0,unclear,pass,yes,A total of 100 farmer-households were randomly selected from four communities in the Lawra district of Ghana.,True,yes,This study analyzed the farmer-perceived importance of adaptation practices to climate change,True,yes,"87% of respondents perceived a decrease in rainfall amount, while 82% perceived an increase in temperature over the past 10 years.",True,yes,Data was collected using semi-structured questionnaires and focus group discussions (FGDs).,True,unclear_bad_quote,This study analyzed the farmer-perceived importance of adaptation practices to climate change and examined the barriers that impede adaptation. A total of 100 farmer-households were randomly selected from four communities in the Lawra district of Ghana.,False,unclear
10.1007/s13412-020-00607-8,2020.0,unclear,pass,unclear,,False,unclear_bad_quote,climate change adaptation in rural Mexico,False,yes,Climate change is a major issue for rural communities in developing countries,True,unclear,,False,yes,rural communities located in the Mexican lagoon system,True,unclear
10.1016/j.gloenvcha.2014.12.010,2015.0,unclear,pass,yes,paddy farmers from five villages,True,unclear_bad_quote,climate change adaptation behavior,False,yes,drought risk perceptions,True,yes,sample of 192 paddy farmers,True,unclear_bad_quote,Sri Lankan paddy farmers,False,unclear
10.1016/j.ecolind.2019.105863,2020.0,unclear,pass,yes,Smallholder farmers in Afghanistan are already facing various risks in agricultural production,True,yes,The present study attempted to evaluate the vulnerability profiles of smallholder farmers due to climate change using the IPCC Framework.,True,yes,Smallholder farmers in Afghanistan are already facing various risks in agricultural production due to past continuous insurgencies. Climate change is likely to amplify the risk and make them even more vulnerable.,True,yes,Primary data on relevant parameters for assessing climate change-led social vulnerability in the region were collected,True,unclear_bad_quote,"Yangi Qala District, Takhar province, Afghanistan.",False,unclear
10.1007/s10584-018-2320-1,2018.0,unclear,pass,yes,Small-scale farmers are highly threatened by climate change.,True,yes,for effective design and implementation of adaptation strategies for farmers,True,unclear_bad_quote,analyze farmers’ perception and how it influences their decision-making in relation to climate change threats,False,unclear,,False,yes,"For Cauca, Colombia",True,unclear
10.1080/19460171.2024.2331706,2025.0,unclear,pass,unclear,,False,yes,adaptation and mitigation are both used as issue frames,True,unclear_bad_quote,East African livestock systems... are suffering from climate change,False,yes,"We use data from interviews, policy documents and participant observations",True,yes,"Ethiopia, Kenya and Uganda",True,unclear
10.1007/s10113-013-0443-5,2013.0,unclear,pass,yes,small traditional farmers,True,unclear_bad_quote,perception of and adaptation to climate variability/change,False,unclear_bad_quote,climate variability/change,False,yes,qualitative interviews,True,unclear_bad_quote,Ghana,False,unclear
10.3390/socsci7030033,2018.0,unclear,pass,unclear_bad_quote,smallholder Farmers' Climate-Change Adaptation Decisions,False,yes,deal with climate change and climate variability,True,yes,climate change and climate variability in Burkina Faso,True,yes,household survey conducted among 450 households,True,yes,three communities in Burkina Faso,True,unclear
10.1057/s41599-024-04249-x,2024.0,unclear,pass,yes,rural household resilience (RHR) and bolstering their ability to withstand the impacts of risk are essential for advancing the modernization of rural areas in developing countries reliant on small-scale agrarian economies.,True,unclear_bad_quote,measuring and explores the rural household resilience index (RHRI),False,unclear,,False,yes,Using the microdata from the China Labor-force Dynamics Survey (CLDS),True,yes,This study systematically measures and explores the rural household resilience index (RHRI) of China.,True,unclear
10.1016/j.gloenvcha.2013.12.011,2014.0,unclear,pass,unclear_bad_quote,smallholder farmer cropping decisions,False,yes,climate adaptation strategies in the agricultural sector,True,yes,climate-resilient strategies and policies,True,yes,We use a 12-country data set from sub-Saharan Africa and South Asia,True,yes,sub-Saharan Africa and South Asia,True,unclear
10.1007/s10113-012-0323-4,2012.0,unclear,pass,unclear,Commercial and small-scale farmers,True,unclear_bad_quote,Adaptation to climate change and other stressors,False,yes,climate variability and change,True,yes,Interviews with 44 farmers,True,unclear_bad_quote,South African farmers,False,unclear
10.1016/j.gloenvcha.2006.11.009,2007.0,unclear,pass,unclear,,False,yes,Understanding different adaptive capacities is a prerequisite for targeting interventions to reduce the adverse impacts of climate change.,True,yes,to reduce the adverse impacts of climate change,True,yes,This paper describes the development of two empirical adaptive capacity indices for use at different scales of analysis:,True,yes,a national index for cross-country comparison in Africa,True,unclear
10.1016/j.ijdrr.2015.05.005,2015.0,unclear,pass,yes,Farmers’ risk attitude and risk perceptions,True,unclear,,False,yes,"four calamitous risk sources including floods, heavy rains, pest and diseases and droughts",True,yes,Equally Likely Certainty Equivalent approach is used to elicit farmers’ attitude towards risk,True,unclear_bad_quote,"The case of Khyber Pakhtunkhwa, Pakistan",False,unclear
10.3390/cli2040223,2014.0,unclear,pass,yes,One-hundred (100) farmers participated in the project’s survey,True,yes,the rate of self-reported adoption of adaptive mechanisms,True,yes,climate change literature has highlighted as prone to accelerated degradation,True,yes,data was used to calculate weighted indexes for rankings and to perform logistic regression,True,unclear_bad_quote,"Sathkhira district, a geographic region which climate change literature has highlighted as prone to accelerated degradation",False,unclear
10.3390/su11123291,2019.0,unclear,pass,unclear,,False,unclear,implement adaptation and mitigation strategies,True,yes,"Climate change has adverse effects on agriculture, decreasing crop quality and productivity.",True,yes,TE levels were estimated for 370 farmers in Northwest Mexico,True,unclear,Northwest Mexico,True,unclear
10.1007/s10113-012-0359-5,2012.0,unclear,pass,yes,221 Chepang households,True,yes,adoption of various adaptation practices,True,unclear_bad_quote,adaptation choices against... perception of rainfall changes,False,yes,multivariate probit model was used to analyze,True,yes,rural Mid-Hills of Nepal,True,unclear
10.3390/agronomy9010004,2018.0,unclear,pass,unclear,,False,unclear,,False,unclear,,False,unclear,,False,unclear,,False,unclear
10.1007/s10584-006-9205-4,2007.0,unclear,pass,unclear,,False,yes,A range of specific coping and adaptation strategies are employed by farmers to respond to climate shifts,True,yes,"We describe the nature of recent (50 year) rainfall variability in the summer rainfall zone, South Africa",True,yes,Using daily rainfall data and self-organising mapping (SOM) we identify 12 internally homogeneous rainfall regions displaying differing parameters of precipitation change.,True,yes,"summer rainfall zone, South Africa",True,unclear
10.1007/s11027-011-9325-7,2011.0,unclear,pass,yes,200 farm households,True,unclear,,False,yes,Climate change is a major problem undermining agricultural production in Africa,True,yes,survey data from 200 farm households and econometric techniques,True,yes,the case of drought tolerant maize (DTM) technology in Nigeria.,True,unclear
10.1111/joac.12369,2020.0,unclear,pass,unclear,,False,unclear,,False,unclear,,False,unclear,,False,yes,"International Water Management Institute, Kathmandu, Nepal International Water Management Institute, Delhi, India Centre for Development of Human Initiatives, Jalpaiguri, India",True,unclear
10.1007/s11069-018-3250-y,2018.0,unclear,pass,yes,farmers opined that the climatic variability impacts more than the long-term climate change,True,yes,"Farmers resorted to adaptation strategies such as use of crop varieties of suitable duration, water conservation techniques, crop insurance and participation in non-farm activities",True,yes,Climate change adds another dimension of challenges to the growth and sustainability of Indian agriculture.,True,yes,"In this paper, the grass-root level perspectives on climate change impacts and adaptation decisions were elicited at farm level",True,unclear_bad_quote,"farmers in Moga district of Punjab and Mahbubnagar district of Telangana, India.",False,unclear
10.1007/s10584-019-02418-5,2019.0,unclear,pass,unclear,,False,yes,the results of this study provides valuable information to support policies to reduce climate-related risk and enhance climate change adaptation,True,yes,"instrumental evidence showed consistent warming, increasing hot days and nights, and increasing annual precipitation",True,yes,We analyzed nationally representative data (n = 5060) of local peoples’ perception of climate change in Nepal,True,yes,Nepal,True,unclear
10.1007/s12571-016-0554-1,2016.0,unclear,pass,yes,The potential impacts of climate change on the food security of subsistence farmers is a serious concern.,True,yes,"Farmers have modified traditional cropping patterns and calendar, changed crop varieties and increased fertilizer and pesticide applications in order to maintain crop yields.",True,yes,The potential impacts of climate change on the food security of subsistence farmers is a serious concern.,True,yes,"Local climate data for the past 30 years were analyzed. Interviews with local farmers and key informants, and focus group discussions were carried out to collect the primary data.",True,unclear_bad_quote,in Makwanpur district of Nepal,False,unclear
10.1016/j.foodpol.2009.06.004,2010.0,unclear,pass,unclear,,False,unclear_bad_quote,Is an integrated farm more resilient against climate change?,False,yes,climate predictions for 2060,True,yes,"Using around 9000 farm surveys across Africa, we explore how farmers choose one of the farm types and how the net revenue of each type varies",True,yes,Africa,True,unclear
10.1007/s10584-012-0491-8,2012.0,unclear,pass,unclear,,False,yes,These results imply that adaptation strategies must be tailor-made in Nepalese agriculture,True,yes,A rapid change in climate patterns potentially driven by global warming is considered to be greatest threats to agriculture,True,yes,we employ a stochastic production function approach by controlling a novel set of season-wise climatic and geographical variables,True,yes,"utilizing the data of rice, wheat and climate variables in the central region of Nepal",True,unclear
10.3390/sci1030057,2019.0,unclear,pass,yes,A survey in 300 agricultural households was carried out,True,yes,"estimated the determinants of, and evaluated the relationship among adaptation practices",True,yes,"for three climatic variables—temperature, precipitation and drought",True,unclear_bad_quote,A survey in 300 agricultural households was carried out... using the multivariate probit model.,False,yes,This study assessed farmers’ perception of climate change,True,unclear
10.1016/j.crm.2017.06.001,2017.0,unclear,pass,yes,smallholder farmers,True,yes,adaptive capacity to climate change,True,yes,largely rain-fed and dominated by smallholder farmers with minimal livelihood alternatives,True,unclear,,False,yes,Northern Region of Ghana,True,unclear
10.1007/s10584-018-2214-2,2018.0,unclear,pass,yes,survey of 720 farming households in Nepal,True,unclear_bad_quote,adoption of climate change adaptation strategies,False,yes,"farmers’ perception of changes in local climatic conditions, its impact on agricultural production",True,yes,Simultaneous equation models are then employed together with the endogenous switching regression methodology,True,yes,survey of 720 farming households in Nepal,True,unclear
10.1186/s13717-018-0118-8,2018.0,unclear,pass,yes,farmers’ perception and adaptation to climate change,True,yes,adaptation to climate change,True,unclear_bad_quote,"farmers’ perception of climate change, local indicators of climate change",False,yes,descriptive methods to assess farmers’ perception,True,unclear_bad_quote,"Dabus watershed, North-West Ethiopia",False,unclear
10.1007/s11069-014-1149-9,2014.0,unclear,pass,yes,"farm households’ survey data from northwest Balochistan, Pakistan",True,yes,coping and adaptation behavior of the farm households,True,unclear_bad_quote,"drought hazard in northwest Balochistan, Pakistan",False,yes,employs a multivariate probit model on 215 farm households’ survey data,True,yes,"northwest Balochistan, Pakistan",True,unclear
10.1007/s12571-016-0571-0,2016.0,unclear,pass,yes,farmers’ incentives and conditioning factors,True,unclear_bad_quote,assess farmers’ incentives and conditioning factors that hinder or promote adaptation strategies,False,yes,exposure to delayed onset of rainfall and greater climate variability,True,yes,We employed multivariate probit (MVP) and multinomial treatment effect (MTE),True,yes,data from nationally representative sample households in Malawi,True,unclear
10.1007/s10668-018-0150-y,2018.0,unclear,pass,yes,smallholder rainfed agriculture,True,unclear_bad_quote,Determinants in the adoption of climate change adaptation strategies,False,unclear_bad_quote,"climate change, drought-prone areas",False,yes,A cross-sectional survey research design was employed to collect data,True,yes,north-central Ethiopia,True,unclear
10.1017/s0021859610000687,2010.0,unclear,pass,yes,farmers' perception that climate is changing prior to responding to changes through adaptation,True,yes,adaptation to climate change,True,yes,"adaptation to climate change, which initially requires farmers' perception that climate is changing prior to responding to changes through adaptation.",True,yes,employed the Heckman sample selection model,True,unclear_bad_quote,farmers in the Nile basin of Ethiopia,False,unclear
10.1016/j.jclepro.2016.12.058,2017.0,unclear,pass,yes,farmers' intentions and decisions regarding global climate change adaptation,True,yes,Adaptation at farm level is an effective measure to cope with global climate change,True,unclear_bad_quote,examining the influences of socioeconomic factors and climate adaptation communication processes on farmers' decision to apply adaptation strategies against drought and flood,False,yes,Logistic regression models were used to examine the influences of socioeconomic factors and climate adaptation communication processes,True,unclear_bad_quote,"A case study in the Yom and Nan basins, Phichit province of Thailand",False,unclear
10.1002/jsfa.6452,2013.0,unclear,pass,unclear_bad_quote,"fish farmers in Epe Local Government Area of Lagos State, Nigeria",False,unclear_bad_quote,climate-change adaptation strategies used by these fish farmers,False,unclear_bad_quote,Undesirable impacts of climate change have been a common occurrence that has made fish farmers adopt some climate‐change adaptation strategies.,False,unclear_bad_quote,"This study, therefore, articulates novelties on adaptation to climate change, as wellcertains determinants of adaptation strategies used by fish farmers",False,yes,"fish farmers in Epe, Lagos State, Nigeria",True,unclear
10.3390/cli7050071,2019.0,unclear,pass,unclear,,False,unclear_bad_quote,attitudes toward climate change adaptation measures,False,unclear,,False,yes,data obtained from an online survey were analyzed,True,unclear,,False,unclear
10.1016/j.ecolecon.2011.07.004,2011.0,unclear,pass,unclear,coffee farmers in Costa Rica,True,unclear_bad_quote,farmers' decisions to adapt to climate change,False,yes,due to adverse weather can differ significantly among farmers sharing a productive landscape,True,yes,a framed field experiment applied to coffee farmers in Costa Rica,True,yes,coffee farmers in Costa Rica,True,unclear
10.1016/j.ecolecon.2012.11.024,2013.0,unclear,pass,unclear,,False,yes,call for location- and season-specific adaptation policies,True,yes,vulnerable to climate change,True,yes,"Employing 34years of data, we apply quantile regressions",True,yes,"rice yield in Andhra Pradesh, India",True,unclear
10.1007/s10584-020-02684-8,2020.0,unclear,pass,unclear_bad_quote,farmers' adaptation strategies affect farm productivity and household food security,False,yes,adaptation strategies to climate change,True,yes,mitigate against the negative effects of climate change,True,unclear_bad_quote,"We find that farmer experience, number of livestock owned... show a negative effect.",False,yes,southern Mali,True,unclear
10.1016/j.crm.2016.12.001,2017.0,unclear,pass,yes,We assess the factors influencing farmers’ choice of climate change adaptation practices and associated impacts on household food security and poverty in Pakistan using comprehensive data from 950 farmers,True,unclear_bad_quote,Assessing farmer use of climate change adaptation practices and impacts on food security and poverty in Pakistan,False,yes,Climate change is set to be particularly disruptive in poor agricultural communities.,True,yes,A probit model was used to investigate the factors influencing the use of climate-change adaptation practices,True,yes,comprehensive data from 950 farmers from its major provinces.,True,unclear
10.1016/j.ecolecon.2014.07.025,2014.0,unclear,pass,yes,data from 1800 Bangladeshi farm-households,True,yes,farm-level adaptation to climate change,True,yes,drought-prone and groundwater-depleted districts,True,unclear_bad_quote,employing data from 1800 Bangladeshi farm-households...logit models,False,yes,Bangladesh,True,unclear
10.1007/s10113-014-0676-y,2014.0,unclear,pass,unclear,,False,unclear,mitigation and adaptation policies,True,yes,Farmers’ behavioural attitudes towards climate change are complex,True,yes,Three focus group discussions and a household survey were carried out,True,yes,This paper presents a method that frames farmers’ behavioural barriers and analyses their main determinants in order to incorporate behavioural constraints in the modelling frameworks. Three focus group discussions and a household survey were carried out in order to assess farmers’ behavioural barriers taking into account the perspectives of both farmers and agricultural technical advisors.,True,unclear
10.1186/s40068-016-0065-2,2016.0,unclear,pass,yes,Farmers apply several and often different farmer-specific strategies,True,unclear_bad_quote,coping and adapt to the perceived trend of declining rainfall and crop productivity,False,unclear_bad_quote,trends of declining rainfall and crop productivity,False,unclear_bad_quote,A survey was conducted among 240 randomly selected farmers using structured and pretested questionnaires.,False,yes,in the central Rift valley (CRV) of Ethiopia,True,unclear
10.1007/s00267-018-1113-7,2019.0,unclear,pass,unclear,Farmers’ willingness and ability to adapt agricultural systems depend on their knowledge about changes in climate,True,yes,this study investigates farmer perceptions of climate change and their agreement with observed climatic trends,True,yes,Farmers’ willingness and ability to adapt agricultural systems depend on their knowledge about changes in climate and perceived risks of extreme events.,True,yes,"Using cross-sectional data of 450 farmers collected from three agro-ecological zones of Punjab, Pakistan",True,yes,"cross-sectional data of 450 farmers collected from three agro-ecological zones of Punjab, Pakistan",True,unclear
10.1016/j.crm.2017.03.001,2017.0,unclear,pass,unclear_bad_quote,Smallholder farmers’ attitudes and determinants of adaptation to climate risks in East Africa,False,yes,Adapting to climate risks is central to the goal of increasing food security and enhancing resilience of farming systems in East Africa.,True,yes,Adapting to climate risks,True,yes,"We examined farmers’ attitudes and assessed determinants of adaptation using data from a random sample of 500 households in Borana, Ethiopia; Nyando, Kenya; Hoima, Uganda; and Lushoto, Tanzania.",True,yes,"Borana, Ethiopia; Nyando, Kenya; Hoima, Uganda; and Lushoto, Tanzania",True,unclear
10.1080/17565529.2017.1411240,2018.0,unclear,pass,yes,smallholder farmers,True,yes,Adaptation of the agricultural sector is vital to increase the resilience of smallholder farmers’ livelihoods in times of climate change.,True,yes,"Climate change as expressed by erratic rainfall, increased flooding, extended droughts, frequency tropical cyclones or saline water intrusion",True,yes,"We carried out open, in-depth interviews (n = 13), focus group discussions, and structured interviews (n = 114)",True,unclear_bad_quote,in Central Vietnam,False,unclear
10.1016/j.landusepol.2018.08.044,2018.0,unclear,pass,unclear,smallholder farming,False,yes,capacity for learning and adaptation,True,unclear,,False,yes,operationalized the concept by subdividing it into different resilience dimensions,True,unclear_bad_quote,Bolivia and Kenya,False,unclear
10.1016/j.jclepro.2021.128399,2021.0,unclear,pass,yes,nationally representative households in Vietnam,True,unclear_bad_quote,farmers' choices to adopt soil and water conservation techniques to adapt to climatic change,False,yes,investigate factors behind farmer's choices to adopt soil and water conservation techniques to adapt to climatic change,True,yes,dynamic probit model was estimated,True,yes,Vietnam,True,unclear
10.1080/17565529.2013.789791,2013.0,unclear,pass,yes,Farmers were interviewed across four districts,True,unclear,"Most adaptation strategies were thought to be development-facing actions to reduce vulnerability, rather than specifically addressing climate change.",True,yes,increased temperatures and unpredictable precipitation,True,yes,Farmers were interviewed across four districts and climate change observations were reported,True,yes,Mid-Hills regions of Nepal,True,unclear
10.1007/s10584-016-1792-0,2017.0,unclear,pass,yes,small and medium-sized farmers,True,unclear_bad_quote,climate change adaptive capacity and vulnerability of smallholder agricultural livelihoods,False,yes,Climate change is one of the main threats to rural livelihoods in Central America,True,yes,Adaptive capacity was estimated using ranking techniques for municipalities and descriptive multivariate analysis.,True,yes,four countries in Central America,True,unclear
10.1016/j.agee.2019.04.004.,2019.0,unclear,pass,yes,"This study examines whether agroecological farming practices, when employed by highly vulnerable households in sub-Saharan Africa",True,unclear_bad_quote,Participatory agroecological research on climate change adaptation improves smallholder farmer household food security and dietary diversity,False,unclear,,False,yes,Longitudinal mixed effects models were used with 203 matched households,True,yes,"The research involved a four-year study with 425 smallholder households, selected purposively based on high levels of food insecurity and/or positive HIV status.",True,unclear
10.1016/j.envsci.2008.11.002,2009.0,unclear,pass,yes,farm households,True,yes,adaptation measures,True,yes,climate change is expected to adversely affect agricultural production in Africa.,True,yes,We find that the most common adaptation strategies include,True,unclear_bad_quote,Ethiopia and South Africa,False,unclear
10.1016/j.ijdrr.2018.01.032,2018.0,include,pass,yes,farmers to adapt to climate events,True,yes,adaptive measures taken by farmers,True,yes,hydrological drought in 2015 and 2016,True,yes,interviewed farmers were able to implement first-best adaptive measures,True,yes,"Suphanburi Province, Thailand",True,include
10.1186/s40066-017-0100-1,2017.0,include,pass,yes,smallholder farmers,True,yes,adaptation strategies they practice,True,yes,"climate variability, and 85% made attempts to adapt using practices like crop diversification",True,yes,a multinomial logit model was employed,True,yes,Central Rift Valley of Ethiopia,True,include
10.1016/j.gloenvcha.2011.11.012,2012.0,include,pass,yes,farmers’ adaptation to climate change,True,yes,farmers’ adaptation to climate change,True,yes,"system of relatively high agricultural potential, whereas the Gairo ward represents a system of low agricultural potential.",True,yes,"A household survey, a rapid rural appraisal and, a stakeholder workshop were used for data collection",True,yes,Morogoro region of Tanzania,True,include
10.1007/s10668-023-04301-x,2023.0,include,pass,yes,A total of 260 rice farmers from Nong Cong district were selected as the sample for the study.,True,yes,The primary objective of this study is to conduct an economic assessment of the effect of adaptation strategies on the agricultural performance of rice farmers.,True,yes,"Climate change impacts, including rising temperatures, erratic changes in the frequency and quantity of rainfall, and the prevalence of extreme weather phenomena, pose threats to rice cultivation.",True,yes,Collected data were analyzed using propensity scores matching (PSM) and the analysis of variance (ANOVA) technique,True,yes,A total of 260 rice farmers from Nong Cong district were selected as the sample for the study.,True,include
10.1016/j.jenvman.2019.109456,2019.0,include,pass,yes,350 farmers from Kermanshah district in western of Iran were selected as our sample,True,yes,Understanding adaptation to CC has become a major concern for farmers,True,yes,Climate change (CC) poses severe threats to the agriculture sector in developing countries,True,yes,"Structural equation modeling found a complex relationship between overall CC belief, risk perception, psychological distance, trust and risk salience, and farmers' adaptation behaviors",True,yes,350 farmers from Kermanshah district in western of Iran were selected as our sample,True,include
10.1016/j.landusepol.2018.08.018,2018.0,include,pass,yes,farm households,True,yes,adaptation measures,True,yes,climate variability and the adaptation measures utilized by farm households,True,yes,A dataset of 600 respondents was collected using structured questionnaire,True,yes,Khyber Pakhtunkhwa province of Pakistan,True,include
10.1186/s40066-017-0144-2,2017.0,include,pass,yes,smallholder farmers’ decisions to adopt adaptation options,True,yes,adopt adaptation options to climate change and variability,True,yes,negative impact of climate change and variability in the study area,True,yes,"quantitative and qualitative data were collected using a semi-structured questionnaire, focused group discussions, and key informant interviews",True,yes,Muger River sub-basin of the Blue Nile basin of Ethiopia,True,include
10.1016/j.landusepol.2017.10.023,2018.0,include,pass,yes,small-scale farmers,True,yes,adaptation to climate change,True,yes,extreme weather conditions due to climate change,True,yes,binary logit model and multivariate probit model,True,yes,Central Region of Viet Nam,True,include
10.1007/s10661-019-7651-5,2019.0,include,pass,yes,"extensive field surveys, involving 116 farm households",True,yes,adaptation towards it have been studied,True,yes,"fluctuating temperature, evidence of yearly long droughts, and a steady shift in rainfall patterns",True,yes,"extensive field surveys, involving 116 farm households",True,yes,Charsadda district (lowlands) of Khyber Pakhtunkhwa province of Pakistan,True,include
10.1007/s11069-020-04127-0,2020.0,include,pass,yes,Smallholder farmers in Nepal are vulnerable to climate change-related extreme weather events.,True,yes,"Adaptation in the agriculture sector is needed to mitigate social, economic, and ecological impacts from increasing levels of hazard activity.",True,yes,"floods, cold spells, and heat waves",True,yes,a household survey of 350 farmers in the Terai region of Nepal was carried out,True,yes,Terai region of Nepal,True,include
10.1016/j.jenvman.2017.04.073,2017.0,include,pass,yes,smallholder farmers,True,yes,adaptation to climate change,True,yes,experiencing a drought,True,yes,"structured questionnaire, focus group discussions and key informant interviews",True,yes,Hwedza District in Zimbabwe,True,include
10.1016/j.envdev.2017.06.006,2017.0,include,pass,yes,smallholder farmers’ choice,True,yes,choice of coping and adaptation strategies to climate change,True,yes,climate change and variability in the central highlands of Ethiopia,True,yes,Binary logistic regression modeling was used based on a survey of 200 farmers.,True,yes,central highlands of Ethiopia,True,include
10.1016/j.landusepol.2021.105295,2021.0,include,pass,yes,Farmers in the riverine char islands of Bangladesh,True,yes,Agricultural adaptations to climate change,True,yes,"droughts, river erosion, and floods are the major climatic risks",True,yes,"Survey data were collected from 98 households, and focus group discussions",True,yes,Rydas Bari char under the Gaibandha District of Bangladesh,True,include
10.1016/j.scitotenv.2015.11.125,2016.0,include,pass,yes,We interviewed a total of 450 farming households,True,yes,This article investigates the farm level risk perceptions and different aspects of vulnerability to climate change including sensitivity and adaptive capacity,True,yes,"The country has experienced many severe floods, droughts and storms over the last decades.",True,yes,We interviewed a total of 450 farming households through structured questionnaires,True,yes,in three districts of Punjab province of Pakistan.,True,include
10.1016/j.agrformet.2016.04.010.,2016.0,include,pass,yes,Niger millet growers,True,yes,assessing the impacts of 10-days and seasonal forecasts on Niger millet growers' cropping practices and their income,True,yes,"crucial decisions based on some characteristics of the rainy season such as the onset, the offset, the cumulated rainfall or the occurrence of dry spells",True,yes,we apply an ex-ante approach based on the crop model SARRA-H coupled with an economic model that simulates the choice of cropping strategies among 24 available,True,yes,Niger millet growers,True,include
10.1016/j.crm.2014.02.001.,2014.0,include,pass,yes,participatory research with farmers from two agro-ecological zones of Senegal,True,yes,improving resilience of African agriculture to climate shocks,True,yes,climate forecasts may be able to help Senegalese farmers adapt to climate variability,True,yes,This article presents results from participatory research with farmers,True,yes,"two agro-ecological zones of Senegal, West Africa",True,include
10.1016/j.crm.2019.100204,2020.0,include,pass,yes,African indigenous vegetable (AIV) farmers,True,yes,adaptive capacity (AC),True,yes,climate change (CC) is resulting in unpredictable alterations in weather patterns,True,yes,Quantitative data from 269 African indigenous vegetable (AIV) farmers,True,yes,three selected agro-climatic zones in Kenya,True,include
10.1371/journal.pone.0219393,2019.0,include,pass,yes,households’ resilience to climate change-induced shocks,True,yes,Climate Resilience Index (CRI) based on the three resilience capacities,True,yes,households’ resilience to climate change-induced shocks,True,yes,principal component analysis (PCA) and multiple regression analysis,True,yes,"Dinki watershed, northcentral highlands of Ethiopia",True,include
10.1016/j.jenvman.2012.10.036,2013.0,include,pass,yes,Based on farm household and Participatory Rural Appraisal data collected from districts in various agroecological zones in Kenya,True,yes,"this paper examines farmers' perceptions of climate change, ongoing adaptation measures, and factors influencing farmers' decisions to adapt.",True,yes,"Countries in Sub-Saharan Africa are particularly vulnerable to climate change, given dependence on agricultural production",True,yes,Based on farm household and Participatory Rural Appraisal data collected from districts in various agroecological zones in Kenya,True,yes,data collected from districts in various agroecological zones in Kenya,True,include
10.5539/sar.v2n3p107,2013.0,include,pass,yes,Farmers of central Nigeria,True,yes,adaptation strategies to climate change among farmers,True,yes,"excessive high temperatures, low and irregular rainfall pattern as well as low crop yields",True,yes,Multi-Stage sampling technique was used to source respondents for the study.,True,yes,Farmers of central Nigeria,True,include
10.1108/ijccsm-01-2019-0004,2020.0,include,pass,yes,households’ adaptation decisions,True,yes,determinants of household decisions to adapt,True,yes,households’ decisions in both adaptation status and intensity.,True,yes,double hurdle model and multivariate probit model,True,yes,rural Cambodia,True,include
10.1016/j.envsci.2019.08.006,2019.0,include,pass,yes,smallholder farmers,True,yes,derivation of an adaptation index,True,yes,climate change adaptation practices,True,yes,questionnaire survey of 720 farming households,True,yes,Nepal,True,include
10.9734/ajaees/2024/v42i112612,2024.0,include,pass,yes,smallholder farmers,True,yes,adaptation mechanisms,True,yes,climate change,True,yes,World Bank’s CGAP survey (2016),True,yes,Côte d'Ivoire,True,include
10.1016/j.ecolecon.2017.08.006,2018.0,include,pass,yes,survey of 422 rice farmers in Nepal,True,yes,farmers' decision-making in adopting climate change adaptation strategies,True,yes,experience with climate change impacts such as drought and flood,True,yes,Based on a survey of 422 rice farmers in Nepal,True,yes,survey of 422 rice farmers in Nepal,True,include
10.1016/j.envsci.2014.04.002,2014.0,include,pass,yes,"Data was obtained from structured interviews with 598 rice farmers in the Mekong Delta, Vietnam",True,yes,investigate the adaptation intention of farmers,True,yes,in response to climate change,True,yes,Structural equation modelling was used for investigating the relationships between constructs.,True,yes,"Mekong Delta, Vietnam",True,include
10.3390/sci2040087,2020.0,include,pass,yes,A survey in 300 agricultural households was carried out,True,yes,"estimated the determinants of, and evaluated the relationship among, adaptation practices using the multivariate probit model.",True,yes,This study assessed farmers’ perception of climate change,True,yes,"estimated the determinants of, and evaluated the relationship among, adaptation practices using the multivariate probit model.",True,yes,A survey in 300 agricultural households was carried out covering 10 sample districts considering five agro-ecological zones,True,include
10.1016/j.landusepol.2020.104553,2020.0,include,pass,yes,farmers’ decision-making,True,yes,Adaptation to climate change is a matter of urgent social scientific analysis.,True,yes,Marvdasht County in Iran – a case that exemplifies agricultural stakeholder decision-making in arid and drought-prone regions,True,yes,employing a correlational survey among 256 farmer-stakeholders.,True,yes,Marvdasht County in Iran,True,include
10.1371/journal.pone.0196392,2018.0,include,pass,yes,Smallholder farming systems are vulnerable to a number of challenges,True,yes,"We examine two dimensions wherein smallholder farmers may adapt agricultural practices; through intensification (i.e., adopt more practices) or diversification (i.e. adopt different practices)",True,yes,compounded by uncertainty of climatic patterns,True,yes,We use data on 5314 randomly sampled households located in 38 sites in 15 countries across four regions,True,yes,"East and West Africa, South Asia, and Central America",True,include
10.1007/s00267-014-0415-7,2014.0,include,pass,yes,a representative sample survey of smallholder farmers in northern Ethiopia,True,yes,farm-level risk-reduction measures,True,yes,drought risk in the developing countries cultural context,True,yes,a representative sample survey of smallholder farmers in northern Ethiopia,True,yes,northern Ethiopia,True,include
10.1007/s00267-013-0039-3,2013.0,include,pass,yes,survey of 400 smallholder farmers,True,yes,farmers’ choice of adaptation measures to climate change and variability,True,yes,climate change and associated risks are expected to have serious consequences for agriculture and food security,True,yes,"Multinomial logit model, employing the results from a survey of 400 smallholder farmers",True,yes,"survey of 400 smallholder farmers in three districts in Tigray, northern Ethiopian.",True,include
10.1080/14693062.2017.1389688,2017.0,include,pass,yes,Nepalese farmers,True,yes,willingness to support the implementation of adaptation programmes,True,yes,"climate adaptive crop species and varieties, improved soil quality and irrigation and the provision of training in climate adaptive farming.",True,yes,We then employed a choice experiment framework,True,yes,Nepalese farmers,True,include
10.1016/j.gloenvcha.2009.01.002,2009.0,include,pass,yes,farmers to adapt to climate change,True,yes,methods used by farmers to adapt to climate change,True,yes,adapt to climate change,True,yes,Results from the discrete choice model employed,True,yes,Nile Basin of Ethiopia,True,include
10.1038/s41558-018-0371-y,2019.0,exclude,pass,no,,False,yes,Adaptation behaviour is of critical importance to reduce or avoid negative impacts of climate change.,True,unclear,,False,yes,We conduct a series of meta-analyses using data from 106 studies (90 papers) conducted in 23 different countries,True,unclear,,False,exclude
10.1111/rode.12062,2013.0,exclude,pass,unclear,,False,no,,False,no,,False,unclear,,False,unclear_bad_quote,Nepal,False,exclude
10.1016/j.gloenvcha.2012.11.008,2013.0,exclude,pass,no,irrigators in Australia's Murray-Darling Basin,True,yes,"Farmers convinced that climate change is occurring are more likely to plan accommodating, but not expansive, strategies.",True,unclear_bad_quote,Climate change is likely to require irrigators... cope with less water,False,unclear_bad_quote,Using historical surveys we provide a comparison...,False,no,Australia's Murray-Darling Basin,True,exclude
10.1016/j.gloenvcha.2013.12.002,2014.0,exclude,pass,unclear,,False,unclear_bad_quote,Reconceptualising adaptation to climate change,False,unclear,,False,no,This re-conceptualisation of adaptation pathways aims to inform decision makers,True,unclear,,False,exclude
10.1080/17565529.2014.951013,2014.0,exclude,pass,unclear,,False,yes,barriers that impede the effective implementation of adaptation strategies,True,yes,vulnerability of agriculture-dependent households to climate variability,True,no,systematic literature review,True,yes,northeast Ghana,True,exclude
10.1007/s11027-011-9352-4,2012.0,exclude,pass,no,,False,yes,best water management strategies to cope with droughts,True,yes,an increasing tendency in drought frequency and severity is observed in China,True,yes,historical droughts and their impacts in China over the period of 1950–2009 are analyzed,True,yes,China,True,exclude
10.3390/land5030019,2016.0,exclude,pass,no,Medium-scale farms have become a major force in Malawi’s agricultural sector,True,unclear,,False,no,,False,yes,We identify the characteristics and pathways of entry into farming based on surveys of 300 medium-scale farmers,True,yes,Malawi’s most recent official agricultural survey indicates that these account for over a quarter of all land under cultivation in Malawi,True,exclude
10.1016/j.socec.2020.101590,2020.0,exclude,pass,no,A pilot experiment with 75 subjects was conducted,True,yes,Adaptation to climate change is an intricate decision-making process that requires balancing costs and uncertain benefits,True,unclear,,False,yes,A pilot experiment with 75 subjects was conducted,True,no,,False,exclude
10.1016/j.gloenvcha.2011.04.006,2011.0,exclude,pass,no,,False,yes,knowledge co-production as an institutional trigger or mechanism to enable learning and adapting,True,unclear,,False,yes,draws on three co-management cases from the Canadian Arctic,True,no,Canadian Arctic,True,exclude
10.1016/j.jenvman.2013.12.005,2014.0,exclude,pass,unclear,,False,no,The influence of farmer demographic characteristics on environmental behaviour,False,no,,False,no,This review addresses this gap by reviewing literature,True,unclear,,False,exclude
10.1016/j.eap.2016.01.001,2016.0,exclude,pass,unclear,,False,no,examining flood controls,False,unclear_bad_quote,"vulnerable to climatic changes, flooding",False,yes,We conducted face-to-face surveys with 1011 respondents of different socio-demographic strata and with seven experts in Bangladesh.,True,yes,Bangladesh,True,exclude
10.1111/agec.12308,2016.0,exclude,pass,no,Medium‐scale farms (defined here as farm holdings between 5 and 100 hectares) account for a rising share of total farmland,True,no,,False,unclear,,False,yes,We also conducted detailed life history surveys of medium‐scale farmers in each of these four countries,True,yes,"This study assesses changes over the past decade in the farm size distributions of Ghana, Kenya, Tanzania, and Zambia",True,exclude
10.1016/j.jenvman.2014.07.025,2014.0,exclude,pass,no,climate resilient urban areas,True,unclear,,False,no,green urban infrastructure,True,unclear,,False,no,cities,True,exclude
10.1016/j.foodpol.2014.05.005,2014.0,exclude,pass,unclear,,False,no,examining adaptation to falling land-labor ratios using a comprehensive theoretical framework,False,no,,False,no,examining adaptation to falling land-labor ratios using a comprehensive theoretical framework,False,unclear,"Today these concerns are particularly relevant to Africa, with its rapid population growth",True,exclude
10.1007/s10584-013-0700-0,2013.0,exclude,pass,no,Survey data collected from Iowa farmers,True,unclear,adaptation and mitigative management strategies,False,no,,False,yes,Survey data collected from Iowa farmers,True,no,Iowa farmers,True,exclude
10.1016/s0165-1765(03)00091-0,2003.0,exclude,exclude_pre_2005,unclear_skipped,,False,unclear_skipped,,False,unclear_skipped,,False,unclear_skipped,,False,unclear_skipped,,False,exclude
10.1016/j.gloenvcha.2010.05.001,2010.0,exclude,pass,no,"These examples span a range of activities from small adjustments (or coping), to building adaptive capacity, to implementing actions and to creating deeper systemic change in public and private organisations in a range of sectors.",True,yes,This paper investigates whether and to what extent a wide range of actors in the UK are adapting to climate change,True,no,sectors that are not dependent on large scale infrastructure appear to be investing far less effort and resources in preparing for climate change.,True,yes,We document evidence of over 300 examples of early adopters of adaptation practice to climate change in the UK,True,no,This paper investigates whether and to what extent a wide range of actors in the UK are adapting to climate change,True,exclude
10.1002/wcc.565,2018.0,exclude,pass,unclear,,False,unclear,,False,unclear,,False,no,social scientific approaches to human vulnerability draw vital attention,True,unclear,,False,exclude
10.1175/2010bams2906.1,2010.0,exclude,pass,unclear,,False,unclear,,False,unclear,,False,no,,False,unclear,,False,exclude
10.1016/j.landusepol.2007.09.002,2008.0,exclude,pass,unclear,,False,no,land fragmentation,True,unclear,,False,yes,"structured and semi-structured interviews, and group discussions",True,yes,Nepal,True,exclude
10.1080/14494035.2018.1497933,2018.0,exclude,pass,no,,False,no,,False,no,,False,no,,False,unclear,,False,exclude
10.1016/j.agwat.2015.03.014,2015.0,exclude,pass,no,Efforts to develop adaptation strategies for agricultural water management,True,yes,developing priorities for the adaptation of water resources for irrigation,True,yes,"Climate change is expected to intensify the existing risks, particularly in regions where water scarcity is already a concern",True,no,reviewing over 168 highly relevant publications that appeared in the last 15 years,True,no,European regions and evaluating adaptation strategies,False,exclude
10.1073/pnas.1205276109,2012.0,exclude,pass,unclear,,False,no,"Climate dice have become more loaded, indicating rapid global warming.",False,unclear,,False,no,"Climate dice have become more loaded, indicating rapid global warming.",False,unclear,,False,exclude
10.1016/s0959-3780(01)00026-7,2002.0,exclude,exclude_pre_2005,unclear_skipped,,False,unclear_skipped,,False,unclear_skipped,,False,unclear_skipped,,False,unclear_skipped,,False,exclude
10.1038/s41558-021-01170-y,2021.0,exclude,pass,unclear,,False,yes,Assessing global progress on human adaptation to climate change,True,unclear,,False,no,"We systematically screened &amp;gt;48,000 articles using machine learning methods and a global network of 126 researchers.",True,unclear,,False,exclude
10.1016/j.jrurstud.2015.03.009,2015.0,exclude,pass,unclear,,False,unclear,,False,unclear,,False,no,We synthesize existing literature,True,unclear,across the globe,True,exclude
10.5751/es-05732-180340,2013.0,exclude,pass,no,,False,yes,The need to track climate change adaptation progress is being increasingly recognized,True,unclear,,False,no,We developed a typology of approaches by which climate change adaptation can be tracked globally at a national level.,True,unclear,,False,exclude
10.1086/601447,1995.0,exclude,exclude_pre_2005,unclear_skipped,,False,unclear_skipped,,False,unclear_skipped,,False,unclear_skipped,,False,unclear_skipped,,False,exclude
10.1016/j.gloenvcha.2006.05.002,2007.0,exclude,pass,unclear,,False,no,This paper presents a generally applicable conceptual framework of vulnerability,True,unclear,,False,no,This paper presents a generally applicable conceptual framework of vulnerability,True,unclear,,False,exclude
10.1007/s11027-013-9475-x,2014.0,exclude,pass,unclear,,False,yes,a focus on building resilience is an important objective,True,unclear,,False,no,This paper identifies factors important to understanding the evolution of resilience over time and space,True,unclear,,False,exclude
10.18356/d6cb6489-en,2017.0,exclude,pass,unclear,,False,unclear,,False,unclear,,False,no,,False,unclear,,False,exclude
10.1016/j.jclepro.2021.129388,2021.0,exclude,pass,no,The valorization and the recycling of this by-product can represent a successful strategy for the implementation of circular economy models in the agri-food industry.,True,no,"For this purpose, the incorporation of OMWW in the brick-making process represents a promising solution",True,unclear,,False,yes,"To evaluate environmental impacts, a comparative Life Cycle Assessment is performed",True,unclear,olive oil producing countries around the Mediterranean Sea,True,exclude
10.3390/su11247224,2019.0,exclude,pass,no,"Managed temperate grasslands occupy 25% of the world, which is 70% of global agricultural land.",True,unclear,effectiveness of adaptation and mitigation options,True,yes,This review paper examines the impacts of climate change on managed temperate grasslands and grassland-based livestock,True,no,This review paper examines the impacts of climate change on managed temperate grasslands,True,unclear,,False,exclude
10.1016/j.cliser.2018.06.001,2018.0,exclude,pass,unclear,,False,no,evaluate the impact of climate services for the agricultural community,True,unclear,,False,no,This paper addresses the need for more rigorous evaluation,True,yes,Africa and around the world,True,exclude
10.1002/wcc.586,2019.0,exclude,pass,unclear,,False,yes,Weather and climate services (WCS) are expected to improve the capacity of Africa's agricultural sector to manage the risks of climate variability and change.,True,yes,This paper reviews 66 studies that have evaluated outcomes and/or impacts of agricultural WCS in Africa,True,no,This paper reviews 66 studies that have evaluated outcomes and/or impacts of agricultural WCS in Africa,True,yes,This paper reviews 66 studies that have evaluated outcomes and/or impacts of agricultural WCS in Africa,True,exclude
10.1016/j.agsy.2015.04.005,2015.0,exclude,pass,no,pastoralists and graziers,True,no,biodiversity conservation contracts,False,no,,False,yes,This research employs the theory of planned behaviour to help explain attitudinal and motivational influences on farmers' choices,True,no,northern Australia,True,exclude
10.2307/1239629,1977.0,exclude,exclude_pre_2005,unclear_skipped,,False,unclear_skipped,,False,unclear_skipped,,False,unclear_skipped,,False,unclear_skipped,,False,exclude
10.1016/j.gloenvcha.2005.01.002,2005.0,exclude,pass,no,two case studies—one from urban Germany and one from rural Zimbabwe,True,yes,Adaptation has emerged as an important area of research and assessment among climate change scientists.,True,unclear,,False,unclear_bad_quote,we examine two case studies—one from urban Germany and one from rural Zimbabwe,False,unclear,,False,exclude
10.1016/j.gloenvcha.2004.12.005,2005.0,exclude,pass,unclear,,False,no,Adaptation to these impacts is increasingly being observed in both physical and ecological systems as well as in human adjustments,True,no,,False,no,We review the nature of adaptation and the implications,True,unclear,,False,exclude
10.1007/s10584-008-9520-z,2008.0,exclude,pass,no,,False,yes,limits to such adaptation,True,no,,False,no,"review insights from history, sociology and psychology of risk",True,unclear,,False,exclude
10.1007/s11069-005-8604-6,2006.0,exclude,pass,no,residents of flood-prone urban areas,True,unclear,,False,no,residents of flood-prone urban areas,True,yes,representative quantitative telephone surveys and regression analyses,True,no,"Cologne, Germany",True,exclude
10.1016/j.geoforum.2019.05.019,2019.0,exclude,pass,no,urban residents,True,unclear,,False,no,,False,unclear,,False,yes,"Nanjing, China",True,exclude
10.1016/j.landusepol.2019.104430,2020.0,exclude,pass,unclear,,False,no,managing scarce irrigation water poses a major challenge globally because of changing climate,True,unclear,,False,yes,"applying logit, propensity score matching and multiple regression models to survey data",True,yes,survey data from two drought-prone and groundwater-depleted areas in Bangladesh,True,exclude
10.1016/j.gloenvcha.2008.12.003,2009.0,exclude,pass,no,,False,unclear_bad_quote,Strategies to adapt to an uncertain climate change,False,yes,"climate change, new infrastructure will have to be able to cope with a large range of changing climate conditions",True,no,,False,unclear,,False,exclude
10.1111/gec3.12121,2014.0,exclude,pass,unclear,,False,yes,An emerging adaptation literature takes on this intersectional approach to gender,True,yes,The impacts of climate variability and change impinge upon different lives and livelihoods within agrarian populations in complex ways.,True,no,"convincing these communities of the value of this shift will require an expanded, rigorous empirical base of evidence",True,unclear,,False,exclude
10.1080/17565529.2018.1562866,2019.0,exclude,pass,unclear,,False,yes,"Adaptation to climate change is an important research topic, especially in agriculture",True,unclear,,False,no,This paper aims to review empirical studies,True,unclear,,False,exclude
10.1080/17565529.2019.1613216,2020.0,exclude,pass,unclear,,False,no,"assesses the empirical knowledge base on gender-based differences in access, use and benefits from rural climate services",True,unclear,,False,no,This review assesses the empirical knowledge base,True,unclear,,False,exclude
10.1257/aer.100.1.557,2010.0,exclude,pass,unclear,,False,no,,False,no,,False,unclear,,False,yes,Vietnamese villages,True,exclude
10.1016/j.envsci.2019.10.007,2020.0,exclude,pass,unclear,,False,yes,adaptation and development pathways,True,unclear,,False,no,"mix of levers that combine policy, technology, education and awareness-raising",True,unclear,,False,exclude
10.1016/s2095-3119(17)61794-5,2018.0,exclude,pass,unclear,,False,yes,adaptation of this sector to the increasing weather events is imperative,True,unclear_bad_quote,"impacts of climate change on agriculture... through changes in precipitation, temperature and carbon dioxide fertilization",False,no,This study is aimed to document the likely impacts of climate change on Iran's agriculture and the current adaptation efforts made by government and farmers,True,yes,"impacts of climate change on agriculture are still shadowed with uncertainty. However, climate change is expected to adversely affect Iran's agricultural practices",True,exclude
10.1016/j.cosust.2013.04.003,2013.0,exclude,pass,unclear,,False,no,,False,unclear,,False,no,,False,unclear,,False,exclude
10.1007/s10584-017-1983-3,2017.0,exclude,pass,no,diverse land ownership types,True,unclear_bad_quote,"adaptation pathways, Climate adaptation planning and implementation",False,yes,"alterations in the amount and timing of precipitation, increased vegetation moisture stress",True,yes,quantitative content analysis to evaluate 44 adaptation-planning documents,True,unclear,,False,exclude
10.1002/ldr.771,2007.0,exclude,pass,unclear,,False,no,,False,no,,False,yes,Necessary information was obtained from discussions with groups and individual land users and a questionnaire survey covering 184 households,True,yes,mountain district in Nepal,True,exclude
10.1016/j.gloenvcha.2013.08.005,2013.0,exclude,pass,no,farmers in California,True,unclear,,False,no,climate change policy risks,True,yes,Based on a survey of 162 farmers in California,True,no,California farmers,False,exclude
10.1016/j.agee.2014.11.010,2015.0,exclude,pass,no,farmer survey data from New Zealand,True,yes,agricultural adaptation to climate change,True,no,farmer survey data from New Zealand,True,unclear,,False,no,farmer survey data from New Zealand,True,exclude
10.1016/j.gloenvcha.2012.01.001,2012.0,exclude,pass,no,The wine industry is increasingly recognized as especially vulnerable to climate change,True,yes,Farm-scale adaptive responses to environmental stresses,True,no,Northern California,False,yes,We conducted 20 in-depth interviews with winegrowers,True,no,Northern California,False,exclude
10.1016/j.gloenvcha.2010.09.012,2011.0,exclude,pass,unclear,,False,yes,Understanding of the magnitude of the adaptation challenge at a global scale,True,unclear,,False,yes,Here we develop and apply a methodology to track and characterize adaptation action,True,no,Adaptation action is more frequently reported in developed nations,True,exclude
10.3390/su11051303,2019.0,exclude,pass,yes,Greek smallholder farmers,True,no,,False,unclear,perceptions of risk,True,yes,test their robustness and validity using a sample of Greek smallholder farmers,True,no,Greek smallholder farmers,True,exclude
10.1038/s41558-017-0065-x,2018.0,exclude,pass,unclear,,False,unclear_bad_quote,building adaptive capacity,False,unclear,,False,no,propos[e] an approach,False,unclear,,False,exclude
10.1073/pnas.0701855104,2007.0,exclude,pass,yes,"populations, predominantly in developing countries, referred to as “subsistence” or “smallholder” farmers",True,unclear,,False,yes,"impacts of global climate change will be felt among the populations, predominantly in developing countries",True,no,"some recent work relevant to these farming systems is reviewed, a conceptual framework for understanding the diverse forms of impacts in an integrated manner is proposed",True,unclear,,False,exclude
10.1126/science.aaw9256,2019.0,exclude,pass,no,natural and seminatural ecosystems,True,unclear,mitigation and adaptation solutions,False,yes,vulnerability of biodiversity and ecosystems themselves to climate change,True,no,Many studies have investigated how nature-based solutions can contribute,True,unclear,,False,exclude
10.1016/j.envsci.2018.01.016,2018.0,exclude,pass,unclear,,False,no,theoretical foundations of these disciplinary traditions,True,no,,False,no,review the theoretical foundations,True,unclear,,False,exclude
10.2307/1236943,1967.0,exclude,exclude_pre_2005,unclear_skipped,,False,unclear_skipped,,False,unclear_skipped,,False,unclear_skipped,,False,unclear_skipped,,False,exclude
10.1007/s12571-018-0805-4,2018.0,exclude,pass,yes,survey of 240 farming households in the Kaski district of Nepal,True,no,,False,unclear,food security in rural areas of Nepal,True,yes,Through participatory assessment tools and a survey of 240 farming households,True,yes,Kaski district of Nepal,True,exclude
10.1038/s41558-020-0783-3,2020.0,exclude,pass,no,,False,no,mitigation of anthropogenic climate change,True,unclear,,False,yes,In a laboratory-based economic game,True,unclear,,False,exclude
10.1016/j.gloenvcha.2004.12.006,2005.0,exclude,pass,no,national level,True,yes,adaptive capacity,True,yes,climate variability,True,unclear,,False,yes,sub-Saharan Africa,True,exclude
10.1111/ajae.12195,2021.0,exclude,pass,no,The Transition from Small to Large Farms in Developing Economies,False,no,,False,no,,False,unclear,,False,yes,low‐ and middle‐income countries,True,exclude
10.1016/j.worlddev.2015.10.041,2016.0,exclude,pass,unclear,,False,no,,False,no,,False,yes,This article uses agricultural census data (provided at the country level in Web Appendix),True,unclear,,False,exclude
10.1016/j.scitotenv.2020.138126,2020.0,exclude,pass,unclear,,False,no,general environmental knowledge,True,no,,False,yes,Structural equation modeling (SEM) with bootstrapping estimation,True,yes,nationally representative sample of 2824 respondents from China,True,exclude
10.1007/s11027-013-9491-x,2013.0,exclude,pass,no,,False,no,,False,no,,False,yes,Data are systematically collected from National Communications prepared by Parties to the Convention and submitted periodically to the Secretariat.,True,unclear,,False,exclude
10.1016/j.gloenvcha.2010.12.002,2011.0,exclude,pass,yes,householders to adapt,True,unclear_bad_quote,enhancing adaptive capacity,False,unclear_bad_quote,climate change adaptation,False,no,cognitive model to gain such insights,True,yes,Kiribati,True,exclude
10.1093/oxfordjournals.oep.a041621,1984.0,exclude,exclude_pre_2005,unclear_skipped,,False,unclear_skipped,,False,unclear_skipped,,False,unclear_skipped,,False,unclear_skipped,,False,exclude
10.1007/s12571-019-01004-y,2020.0,exclude,pass,unclear,,False,no,nutrient deficiency and poor nutritional outcomes,True,no,,False,yes,"used multilevel modeling, quantile regression, and the Blinder-Oaxaca decomposition method",True,yes,Nepal Living Standard Survey (NLSS),True,exclude
10.1016/j.landusepol.2020.104621,2020.0,exclude,pass,yes,surveyed 988 beneficiary households and 997 non-beneficiary households,True,no,Adoptions of improved technologies and production practices are important drivers of agricultural development in low-income countries like Nepal.,True,unclear,,False,yes,We adopted a multistage sampling technique and surveyed 988 beneficiary households and 997 non-beneficiary households,True,yes,USAID-led Knowledge-Based Integrated Sustainable Agriculture in Nepal (KISAN) project,True,exclude
10.4296/cwrj1902125,1994.0,exclude,exclude_pre_2005,unclear_skipped,,False,unclear_skipped,,False,unclear_skipped,,False,unclear_skipped,,False,unclear_skipped,,False,exclude
10.1016/j.ecolecon.2014.12.010,2015.0,exclude,pass,no,German households,True,unclear_bad_quote,'climate adaptation signal',False,no,Germany,False,yes,final data set covers more than 4200 households,True,no,Germany,False,exclude
10.1108/03068299910245769,1999.0,exclude,exclude_pre_2005,unclear_skipped,,False,unclear_skipped,,False,unclear_skipped,,False,unclear_skipped,,False,unclear_skipped,,False,exclude
10.1016/j.jrurstud.2019.09.005,2020.0,exclude,pass,unclear,,False,yes,farmers’ perceptions as a contribution to adaptation discourse,True,unclear,,False,no,we reviewed and coded a sample set of papers,True,unclear,,False,exclude
10.1016/j.envsci.2014.07.008,2014.0,exclude,pass,unclear,,False,yes,analyze the decision and intensity of adaptation,True,yes,Climate change represents one of the biggest threats to agriculture today.,True,yes,A two-part hurdle model was used,True,no,Central Chile,True,exclude
10.1016/j.gloenvcha.2006.03.008,2006.0,exclude,pass,unclear,,False,yes,"adaptation of human communities to global changes, especially climate change",True,unclear,,False,no,reviews the concept of adaptation,True,unclear,,False,exclude
10.1016/j.landusepol.2016.03.026,2016.0,exclude,pass,unclear_bad_quote,"smallholder utilization, smallholder farming sector",False,no,,False,no,,False,yes,utilizes available spatial data,True,yes,Zambia,True,exclude
10.54386/jam.v9i2.1119,2007.0,exclude,pass,unclear,,False,no,A tool to assess the vulnerability of a region to local climate,True,unclear_bad_quote,to study the impacts to climate change,False,unclear,A trial run was made for two locations and the results were found valid.,True,unclear,,False,exclude
10.1111/j.1468-0297.2006.01115.x,2006.0,exclude,pass,unclear,,False,no,,False,no,,False,yes,We present evidence on how farmers' decisions to adopt a new crop relate to the adoption choices of their network of family and friends.,True,unclear_bad_quote,Northern Mozambique,False,exclude
10.1086/260132,1973.0,exclude,exclude_pre_2005,unclear_skipped,,False,unclear_skipped,,False,unclear_skipped,,False,unclear_skipped,,False,unclear_skipped,,False,exclude
10.1016/j.ecolind.2024.112976,2025.0,exclude,pass,no,large-size farms adapt to climate change as compared to small-size ones,True,yes,"adaptations in consideration to irrigation-related, cognitive and socioecological factors",True,yes,Farmers’ adaptations are known to be key drivers for the resolutions.,True,yes,We conduct statistical analyses utilizing the indicator,True,unclear_bad_quote,"Tajikistan, where collective farming, Kolkhoz and Sovkhoz,",False,exclude
10.1016/b978-0-12-811874-0.00006-4,2017.0,exclude,pass,no,,False,yes,adaptation paradigm,True,no,,False,no,,False,unclear,,False,exclude
10.1890/1051-0761(1997)007,1997.0,exclude,exclude_pre_2005,unclear_skipped,,False,unclear_skipped,,False,unclear_skipped,,False,unclear_skipped,,False,unclear_skipped,,False,exclude
10.1016/j.envsci.2020.03.020,2020.0,exclude,pass,unclear,,False,no,A deeper understanding of interactions among drivers should prove especially useful for the design of effective climate change mitigation and adaptation measures.,True,unclear,,False,yes,Our study quantifies the relative strength of drivers of climate change perception,True,unclear,,False,exclude
10.1073/pnas.1222463110,2013.0,exclude,pass,unclear,,False,no,,False,yes,developing countries are concentrated,True,no,"globally consistent, protocol-based, multimodel climate change assessment",True,unclear,developing countries are concentrated,True,exclude
10.1016/j.jenvman.2012.07.015,2012.0,exclude,pass,no,Rural landholders may be vulnerable to the risks climate change presents.,True,yes,Climate change was nominated as an influence on six adaptive behaviours,True,unclear_bad_quote,Global climate change modelling has identified south-east Australia as a 'hot spot' for more frequent climatic extremes.,False,yes,Data were gathered using semi-structured interviews and a mail survey of rural landholders in two districts.,True,no,south-east Australia,True,exclude
10.1007/s13593-016-0402-x,2016.0,exclude,pass,unclear,,False,yes,Processes of adaptation are in particular addressed by bio-economic and bio-decision models.,True,unclear,,False,no,"Here, we review bio-economic and bio-decision models",True,unclear,,False,exclude
10.1016/j.gloenvcha.2011.10.003,2012.0,exclude,pass,no,collaborating with members of the Australian wine industry,True,yes,Adaptation Action Cycles concept and applied framework,True,no,collaborating with members of the Australian wine industry,True,unclear,,False,no,collaborating with members of the Australian wine industry,True,exclude
10.1023/a:1009636607038,1999.0,exclude,exclude_pre_2005,unclear_skipped,,False,unclear_skipped,,False,unclear_skipped,,False,unclear_skipped,,False,unclear_skipped,,False,exclude
10.1037/a0023412,2011.0,exclude,pass,no,,False,unclear,climate change adaptation,True,no,,False,no,An integrative framework is provided,True,unclear,,False,exclude
10.1016/j.eja.2009.06.003,2010.0,exclude,pass,no,European Union,True,yes,adaptation,True,no,European Union,True,unclear_bad_quote,Results indicated that impacts on crop yields cannot directly be translated to impacts on farmers' income,False,no,European Union,True,exclude
10.1007/s10584-007-9242-7,2007.0,exclude,pass,no,European agriculture,True,yes,adaptive capacity of European agriculture to climate change,True,no,European agriculture,True,yes,multilevel analysis was performed to account for regional differences in the studied relationships.,True,no,European agriculture,True,exclude
10.1177/003072709602500204,1996.0,exclude,exclude_pre_2005,unclear_skipped,,False,unclear_skipped,,False,unclear_skipped,,False,unclear_skipped,,False,unclear_skipped,,False,exclude
10.1007/s11027-012-9366-6,2012.0,exclude,pass,no,Danish water related sectors,True,yes,climate change adaptation planning,True,no,Danish water related sectors,True,no,We propose a generic framework,True,no,Danish water related sectors,True,exclude
10.1007/s13280-020-01369-x,2020.0,exclude,pass,unclear,,False,no,"local residents’ experience-based perception of changes in climate trends and patterns, perceived risk",True,yes,Mountain ecosystems are considered vulnerable to early impacts of climate change.,True,yes,By conducting a household survey in the Khumbu region of Nepal,True,yes,Khumbu region of Nepal,True,exclude
10.1016/j.envsci.2017.10.011,2018.0,exclude,pass,no,,False,no,,False,no,,False,no,,False,unclear,,False,exclude
10.1016/j.jclepro.2020.121241,2020.0,exclude,pass,unclear,,False,no,"policy provisions, including legislative and institutional arrangements",True,no,,False,unclear,based on the review of literatures accompanied with the Key Informant Interviews (KIIs),True,unclear_bad_quote,policy provisions for agricultural development in Nepal,False,exclude
10.1016/j.landusepol.2019.03.030,2019.0,exclude,pass,yes,Smallholder farmers in the mid-hills of Nepal,True,no,promoting higher levels of rural mechanization has emerged as the primary policy response option.,True,no,,False,yes,We use an endogenous switching regression that accounts for both observed and unobserved sources of heterogeneity,True,yes,mid-hills of Nepal,True,exclude
10.1038/nature01286,2003.0,exclude,exclude_pre_2005,unclear_skipped,,False,unclear_skipped,,False,unclear_skipped,,False,unclear_skipped,,False,unclear_skipped,,False,exclude
10.1371/journal.pone.0150575,2016.0,exclude,pass,no,fisheries and tourism sectors of the Great Barrier Reef region,True,unclear_bad_quote,Adaptation...has limits: there are conditions under which adaptation strategies fail,False,no,"Great Barrier Reef region, fisheries and tourism sectors",False,yes,Using qualitative data from multi-stakeholder workshops and key-informant interviews,True,no,Great Barrier Reef region,True,exclude
10.1016/j.agee.2019.04.004,,exclude,pass,yes,"This study examines whether agroecological farming practices, when employed by highly vulnerable households in sub-Saharan Africa",True,unclear,"The findings show that participatory agroecology experimentation increased intercropping, legume diversification and the addition of compost, manure and crop residue amendments to the soil.",True,no,,False,yes,"The research involved a four-year study with 425 smallholder households, selected purposively based on high levels of food insecurity and/or positive HIV status.",True,yes,"This study examines whether agroecological farming practices, when employed by highly vulnerable households in sub-Saharan Africa",True,exclude
,,unclear_no_abstract,exclude_no_abstract,unclear_skipped,,False,unclear_skipped,,False,unclear_skipped,,False,unclear_skipped,,False,unclear_skipped,,False,unclear_no_abstract
,,unclear_no_abstract,exclude_no_abstract,unclear_skipped,,False,unclear_skipped,,False,unclear_skipped,,False,unclear_skipped,,False,unclear_skipped,,False,unclear_no_abstract
,,unclear_no_abstract,exclude_no_abstract,unclear_skipped,,False,unclear_skipped,,False,unclear_skipped,,False,unclear_skipped,,False,unclear_skipped,,False,unclear_no_abstract
10.1016/j.crm.2014.02.001,,include,pass,yes,"participatory research with farmers from two agro-ecological zones of Senegal, West Africa",True,yes,climate forecasts may be able to help Senegalese farmers adapt to climate variability,True,yes,improving resilience of African agriculture to climate shocks,True,yes,This article presents results from participatory research with farmers,True,yes,"farmers from two agro-ecological zones of Senegal, West Africa",True,include
10.1016/j.agrformet.2016.04.010,,include,pass,yes,Niger millet growers,True,yes,"adaptation capacities, in reference to the availability of viable decision options sensitive to forecast information.",True,yes,"crucial decisions based on some characteristics of the rainy season such as the onset, the offset, the cumulated rainfall or the occurrence of dry spells",True,yes,we apply an ex-ante approach based on the crop model SARRA-H coupled with an economic model that simulates the choice of cropping strategies,True,yes,Niger millet growers,True,include
,,unclear_no_abstract,exclude_no_abstract,unclear_skipped,,False,unclear_skipped,,False,unclear_skipped,,False,unclear_skipped,,False,unclear_skipped,,False,unclear_no_abstract
,,unclear_no_abstract,exclude_no_abstract,unclear_skipped,,False,unclear_skipped,,False,unclear_skipped,,False,unclear_skipped,,False,unclear_skipped,,False,unclear_no_abstract
,,unclear_no_abstract,exclude_no_abstract,unclear_skipped,,False,unclear_skipped,,False,unclear_skipped,,False,unclear_skipped,,False,unclear_skipped,,False,unclear_no_abstract
,,unclear_no_abstract,exclude_no_abstract,unclear_skipped,,False,unclear_skipped,,False,unclear_skipped,,False,unclear_skipped,,False,unclear_skipped,,False,unclear_no_abstract
,,unclear_no_abstract,exclude_no_abstract,unclear_skipped,,False,unclear_skipped,,False,unclear_skipped,,False,unclear_skipped,,False,unclear_skipped,,False,unclear_no_abstract
,,unclear_no_abstract,exclude_no_abstract,unclear_skipped,,False,unclear_skipped,,False,unclear_skipped,,False,unclear_skipped,,False,unclear_skipped,,False,unclear_no_abstract
,,unclear_no_abstract,exclude_no_abstract,unclear_skipped,,False,unclear_skipped,,False,unclear_skipped,,False,unclear_skipped,,False,unclear_skipped,,False,unclear_no_abstract
,,unclear_no_abstract,exclude_no_abstract,unclear_skipped,,False,unclear_skipped,,False,unclear_skipped,,False,unclear_skipped,,False,unclear_skipped,,False,unclear_no_abstract
,,unclear_no_abstract,exclude_no_abstract,unclear_skipped,,False,unclear_skipped,,False,unclear_skipped,,False,unclear_skipped,,False,unclear_skipped,,False,unclear_no_abstract
,,unclear_no_abstract,exclude_no_abstract,unclear_skipped,,False,unclear_skipped,,False,unclear_skipped,,False,unclear_skipped,,False,unclear_skipped,,False,unclear_no_abstract
,,unclear_no_abstract,exclude_no_abstract,unclear_skipped,,False,unclear_skipped,,False,unclear_skipped,,False,unclear_skipped,,False,unclear_skipped,,False,unclear_no_abstract
,,unclear_no_abstract,exclude_no_abstract,unclear_skipped,,False,unclear_skipped,,False,unclear_skipped,,False,unclear_skipped,,False,unclear_skipped,,False,unclear_no_abstract
,,unclear_no_abstract,exclude_no_abstract,unclear_skipped,,False,unclear_skipped,,False,unclear_skipped,,False,unclear_skipped,,False,unclear_skipped,,False,unclear_no_abstract
,,unclear_no_abstract,exclude_no_abstract,unclear_skipped,,False,unclear_skipped,,False,unclear_skipped,,False,unclear_skipped,,False,unclear_skipped,,False,unclear_no_abstract
,,unclear_no_abstract,exclude_no_abstract,unclear_skipped,,False,unclear_skipped,,False,unclear_skipped,,False,unclear_skipped,,False,unclear_skipped,,False,unclear_no_abstract
,,unclear_no_abstract,exclude_no_abstract,unclear_skipped,,False,unclear_skipped,,False,unclear_skipped,,False,unclear_skipped,,False,unclear_skipped,,False,unclear_no_abstract
,,unclear_no_abstract,exclude_no_abstract,unclear_skipped,,False,unclear_skipped,,False,unclear_skipped,,False,unclear_skipped,,False,unclear_skipped,,False,unclear_no_abstract
,,unclear_no_abstract,exclude_no_abstract,unclear_skipped,,False,unclear_skipped,,False,unclear_skipped,,False,unclear_skipped,,False,unclear_skipped,,False,unclear_no_abstract
,,unclear_no_abstract,exclude_no_abstract,unclear_skipped,,False,unclear_skipped,,False,unclear_skipped,,False,unclear_skipped,,False,unclear_skipped,,False,unclear_no_abstract
,,unclear_no_abstract,exclude_no_abstract,unclear_skipped,,False,unclear_skipped,,False,unclear_skipped,,False,unclear_skipped,,False,unclear_skipped,,False,unclear_no_abstract
,,unclear_no_abstract,exclude_no_abstract,unclear_skipped,,False,unclear_skipped,,False,unclear_skipped,,False,unclear_skipped,,False,unclear_skipped,,False,unclear_no_abstract
,,unclear_no_abstract,exclude_no_abstract,unclear_skipped,,False,unclear_skipped,,False,unclear_skipped,,False,unclear_skipped,,False,unclear_skipped,,False,unclear_no_abstract
