doi,field,field_type,CGS,LLM,AZ,SZC,JK,LJ,KK,CGS_vs_LLM,CGS_vs_AZ,CGS_vs_SZC,CGS_vs_JK,CGS_vs_LJ,LLM_vs_AZ,LLM_vs_SZC,LLM_vs_JK,LLM_vs_LJ,AZ_vs_SZC,AZ_vs_JK,AZ_vs_LJ,SZC_vs_JK,SZC_vs_LJ,JK_vs_LJ,CGS_vs_KK,LLM_vs_KK,AZ_vs_KK,SZC_vs_KK,JK_vs_KK,LJ_vs_KK
10.1016/j.agee.2019.04.004,publication_year,categorical,2019,2019,2019,2019,2018,,,yes,yes,yes,no,no,yes,yes,no,no,yes,no,no,no,no,no,no,no,no,no,no,yes
10.1016/j.agee.2019.04.004,publication_type,categorical,journal_article,journal_article,journal_article,journal_article,journal_article,,,yes,yes,yes,yes,no,yes,yes,yes,no,yes,yes,no,yes,no,no,no,no,no,no,no,yes
10.1016/j.agee.2019.04.004,geographic_scale,categorical,sub-national,sub-national,sub-national,local,local,,,yes,yes,no,no,no,yes,no,no,no,no,no,no,yes,no,no,no,no,no,no,no,yes
10.1016/j.agee.2019.04.004,producer_type,categorical,crop,undefined,undefined,undefined,undefined,,,no,no,no,no,no,yes,yes,yes,no,yes,yes,no,yes,no,no,no,no,no,no,no,yes
10.1016/j.agee.2019.04.004,temporal_coverage,categorical,longitudinal,longitudinal,longitudinal,,longitudinal,,,yes,yes,no,yes,no,yes,no,yes,no,no,yes,no,no,yes,no,no,no,no,yes,no,yes
10.1016/j.agee.2019.04.004,cost_data_reported,categorical,No,no,no,no,no,,,yes,yes,yes,yes,no,yes,yes,yes,no,yes,yes,no,yes,no,no,no,no,no,no,no,yes
10.1016/j.agee.2019.04.004,purpose_of_assessment,categorical,Program evaluation,research,research,research,project_learning,,,no,no,no,no,no,yes,yes,no,no,yes,no,no,no,no,no,no,no,no,no,no,yes
10.1016/j.agee.2019.04.004,marginalized_subpopulations,multivalue,women,women; youth; people_with_disabilities,other,women;other,youth; other,,,partial,no,partial,no,no,no,partial,partial,no,partial,partial,no,partial,no,no,no,no,no,no,no,both_empty
10.1016/j.agee.2019.04.004,methodological_approach,multivalue,participatory; quantitative; qualitative,qualitative; quantitative; participatory,quantitative; qualitative,qualitative;quantitative,qualitative; quantitative; participatory,,,yes,partial,partial,yes,no,partial,partial,yes,no,yes,partial,no,partial,no,no,no,no,no,no,no,both_empty
10.1016/j.agee.2019.04.004,process_outcome_domains,multivalue,food security; dietary diversity and nutrition,knowledge_awareness_learning; decision_making_planning; uptake_adoption; behavioral_change; participation_coproduction; institutional_governance; access_information_services; yields_productivity; income_assets; livelihoods; wellbeing; risk_reduction; resilience_adaptive_capacity,livelihoods; wellbeing,income_assets;wellbeing,behavioral_change; yields_productivity; wellbeing,,,no,no,no,no,no,partial,partial,partial,no,partial,partial,no,partial,no,no,no,no,no,no,no,both_empty
10.1016/j.agee.2019.04.004,data_sources,multivalue,surveys; interviews; focus groups; primary data,surveys; participatory_methods,surveys; participatory_methods,surveys;administrative_data,surveys; participatory_methods,,,partial,partial,partial,partial,no,yes,partial,yes,no,partial,yes,no,partial,no,no,no,no,no,no,no,both_empty
10.1016/j.agee.2019.04.004,country_region,freetext,Malawi,Malawi,Malawi,Malawi; Sub Sahara & South East Africa,Malawi,,,тАФ,тАФ,тАФ,тАФ,тАФ,тАФ,тАФ,тАФ,тАФ,тАФ,тАФ,тАФ,тАФ,тАФ,тАФ,тАФ,тАФ,тАФ,тАФ,тАФ,тАФ
10.1016/j.agee.2019.04.004,adaptation_focus,freetext,Crop management practices; Crop varieties and genetics; Soil and land management; agroforestry; livestock management; livelihood diversification; social and community networking; post harvest and consumption adjustments,"agroecological farming practices, participatory research on climate change adaptation",agroecological farming practices for climate adaptation,Agro-ecological adaptation,"""The range of agroecological methods included: 1) integration of trees (fruit trees and/or leguminous trees); 2) soil fertility and/or conservation methods, including the use of crop residues and compost; 3) crop diversification, including legumes, indigenous grains and tubers; and 4) livelihood diversification, such as small livestock (pigs or goats), making fuel-efficient stoves, and bee-keeping (Fig. 2).""",,,тАФ,тАФ,тАФ,тАФ,тАФ,тАФ,тАФ,тАФ,тАФ,тАФ,тАФ,тАФ,тАФ,тАФ,тАФ,тАФ,тАФ,тАФ,тАФ,тАФ,тАФ
10.1016/j.agee.2019.04.004,indicators_measured,freetext,Household food security acccess scale (HFIAS); Household  dietary diversity score (HDDS),"yield (t/ha), income (USD/season), adoption rate (%)",HFIAS (score); dietary diversity score (score); crop diversity (count),"Dietary diversity value, Crops diversity, Intercropping rate, Soil Management practices, Land size, Livestock ownership, Asset Index, Gender decision-making",Household dietary diversity score; practice legume crop residue incorporation; number if fields planted; stored crop in the past year; discuss farming with spouse; use information learnt from the climate change project; use compost or manure for soil fertility; education; wealth; martial status ; Proportion of households planting crops on farm (%) ; Proportion of rainfed fields under different crop groups (%),,,тАФ,тАФ,тАФ,тАФ,тАФ,тАФ,тАФ,тАФ,тАФ,тАФ,тАФ,тАФ,тАФ,тАФ,тАФ,тАФ,тАФ,тАФ,тАФ,тАФ,тАФ
10.1016/j.agee.2019.04.004,strengths_and_limitations,freetext,Strength: <the quantitative results were supported by qualitative field observations and in-depth interviews>; Limitation: <Future studies should include control households or delayed intervention designs>,Strength: The study provides evidence that agroecological practices can improve food security and dietary diversity. Limitation: The study does not report cost data for the interventions.,Strength: Mixed methods. Limitation: Region-specific.,(Strength) farmer led mixed method; (Limitation) There is no control group,"Strengths: ""This study provides evidence that policies and programs that support farmers to test agroecological methods, combined with community-based education on gender equity, can significantly improve food security and nutrition for highly vulnerable rural smallholder households in Malawi."" ; Limitations: ""Although the lack of control households in this study is a significant limitation, the quantitative results were supported by qualitative field observations and in-depth interviews""",,,тАФ,тАФ,тАФ,тАФ,тАФ,тАФ,тАФ,тАФ,тАФ,тАФ,тАФ,тАФ,тАФ,тАФ,тАФ,тАФ,тАФ,тАФ,тАФ,тАФ,тАФ
10.1016/j.agee.2019.04.004,lessons_learned,freetext,"<incorporate control households or delayed intervention designs to rigorously substantiate these impacts,  and should investigate what ongoing support is needed to sustain long-term improvements","Key author recommendations include promoting participatory research approaches to enhance farmer experimentation and gender equity, which leads to greater health and well-being.",Gender equity improves food security outcomes.,By crop diversity the nutrient intake improves,"""Further, there is need for detailed case studies such as this one that addresses mixed maize smallholder systems...The findings demonstrate that through participatory action research methods, highly vulnerable food insecure households, including those who are AIDS-affected, can use agroecological methods to address their food security and diet quality, with important implications for agricultural policies in Sub-Saharan Africa.""",,,тАФ,тАФ,тАФ,тАФ,тАФ,тАФ,тАФ,тАФ,тАФ,тАФ,тАФ,тАФ,тАФ,тАФ,тАФ,тАФ,тАФ,тАФ,тАФ,тАФ,тАФ
10.1016/j.crm.2017.06.001,publication_year,categorical,2017,2017,2017,2017,2017,,,yes,yes,yes,yes,no,yes,yes,yes,no,yes,yes,no,yes,no,no,no,no,no,no,no,yes
10.1016/j.crm.2017.06.001,publication_type,categorical,journal_article,journal_article,journal_article,journal_article,journal_article,,,yes,yes,yes,yes,no,yes,yes,yes,no,yes,yes,no,yes,no,no,no,no,no,no,no,yes
10.1016/j.crm.2017.06.001,geographic_scale,categorical,sub-national,sub-national,sub-national,local,sub-national,,,yes,yes,no,yes,no,yes,no,yes,no,no,yes,no,no,no,no,no,no,no,no,no,yes
10.1016/j.crm.2017.06.001,producer_type,categorical,crop,undefined,undefined,crop,crop,,,no,no,yes,yes,no,yes,no,no,no,no,no,no,yes,no,no,no,no,no,no,no,yes
10.1016/j.crm.2017.06.001,temporal_coverage,categorical,cross_sectional,cross_sectional,cross_sectional,cross_sectional,cross_sectional,,,yes,yes,yes,yes,no,yes,yes,yes,no,yes,yes,no,yes,no,no,no,no,no,no,no,yes
10.1016/j.crm.2017.06.001,cost_data_reported,categorical,No,no,no,no,no,,,yes,yes,yes,yes,no,yes,yes,yes,no,yes,yes,no,yes,no,no,no,no,no,no,no,yes
10.1016/j.crm.2017.06.001,purpose_of_assessment,categorical,research,research,research,research,research,,,yes,yes,yes,yes,no,yes,yes,yes,no,yes,yes,no,yes,no,no,no,no,no,no,no,yes
10.1016/j.crm.2017.06.001,marginalized_subpopulations,multivalue,women,women; people_with_disabilities,other,none_reported,women,,,partial,no,no,yes,no,no,no,partial,no,no,no,no,no,no,no,no,no,no,no,no,both_empty
10.1016/j.crm.2017.06.001,methodological_approach,multivalue,qualitative; quantitative,qualitative; quantitative,quantitative; qualitative,qualitative;quantitative,qualitative; quantitative,,,yes,yes,yes,yes,no,yes,yes,yes,no,yes,yes,no,yes,no,no,no,no,no,no,no,both_empty
10.1016/j.crm.2017.06.001,process_outcome_domains,multivalue,resilience_adaptive_capacity; knowledge_awareness_learning' decision_making_planning; participation_coproduction; institutional_governance;access_information_services,knowledge_awareness_learning; decision_making_planning; uptake_adoption; behavioral_change; institutional_governance; access_information_services; yields_productivity; income_assets; livelihoods; wellbeing; risk_reduction; resilience_adaptive_capacity,resilience_adaptive_capacity; access_information_services,livelihoods;resilience_adaptive_capacity,knowledge_awareness_learning; institutional_governance; access_information_services; income_assets; livelihoods,,,partial,partial,partial,partial,no,partial,partial,partial,no,partial,partial,no,partial,no,no,no,no,no,no,no,both_empty
10.1016/j.crm.2017.06.001,data_sources,multivalue,surveys; secondary_data; semi structured interviews; primary_data,surveys; participatory_methods,surveys; participatory_methods,surveys;secondary_data,surveys; participatory_methods; secondary_data,,,partial,partial,partial,partial,no,yes,partial,partial,no,partial,partial,no,partial,no,no,no,no,no,no,no,both_empty
10.1016/j.crm.2017.06.001,country_region,freetext,Ghana,Ghana,Ghana,"Ghana; Northern Region, West Mamprusi",Ghana,,,тАФ,тАФ,тАФ,тАФ,тАФ,тАФ,тАФ,тАФ,тАФ,тАФ,тАФ,тАФ,тАФ,тАФ,тАФ,тАФ,тАФ,тАФ,тАФ,тАФ,тАФ
10.1016/j.crm.2017.06.001,adaptation_focus,freetext,climate information and advisory services; financial strategies; crop varieties and genetics; soil and land management; water management and irrigation; ,adaptive capacity of smallholder farmers to climate change,characterizing adaptive capacity and institutional determinants,Adaptation of climate variation through adaptive capacity of small holder farmers,"""This paper recommends resilience building interventions in the study area that target individuals with low adaptive capacities, especially women and farmers without formal education.""",,,тАФ,тАФ,тАФ,тАФ,тАФ,тАФ,тАФ,тАФ,тАФ,тАФ,тАФ,тАФ,тАФ,тАФ,тАФ,тАФ,тАФ,тАФ,тАФ,тАФ,тАФ
10.1016/j.crm.2017.06.001,indicators_measured,freetext,Smallholder FarmersтАЩ Adaptive Capacity Index (SFACI),"economic resources, social capital, awareness and training, technology, infrastructure and institutions",social capital (index); economic resources (index); awareness (index),"Economic, Social and Institutional factors","Diversity of source of income; Remittance; Access to credit; Access to family/household
labour; Participation in farmer-based organisations; Participation in GBO; Participation in RBO; Participation in other organisation; Acceptance of climate change; Level of literacy; Access to climate information; Farming experience; Access to extension service; Knowledge of seed varieties; Knowledge of soil moisture retention techniques; Knowledge of soil fertility retention techniques; Land holding size; Irrigation infrastructure; Access to roads; Land tenure arrangement; Government subsidy; Disaster relief assistance",,,тАФ,тАФ,тАФ,тАФ,тАФ,тАФ,тАФ,тАФ,тАФ,тАФ,тАФ,тАФ,тАФ,тАФ,тАФ,тАФ,тАФ,тАФ,тАФ,тАФ,тАФ
10.1016/j.crm.2017.06.001,strengths_and_limitations,freetext,Strength:<none reported>; limitations <a deductive and expert driven approach does not include the perspectives of the community members on their own adaptive capacity; indicators provide only an indication for a certain state of a system and do not shed light on how to explain the results>,Strength: Provides a comprehensive framework for assessing adaptive capacity of smallholder farmers. Limitation: Limited to two agrarian communities in the Northern Region of Ghana.,Strength: Comprehensive framework. Limitation: Cross-sectional.,Strong but localized,"Strengths: ""The study operationalized the indicators in a standardized survey questionnaire and tested it in two agrarian communities in the Northern Region of Ghana. The survey results show the aggregate adaptive capacity of respondents is low. However, disparities in adaptive capacity were recorded among respondents in terms of gender and education.
Differentiating between the determinants women farmer show significantly lower capacities in fields of economic resources, technology and knowledge and awareness."" ; Limitations: The assessment is limited by its top-down, expert-driven approach, excluding community perspectives, relying on only two case study communities, and lacking qualitative or participatory validation of indicators and weightings.",,,тАФ,тАФ,тАФ,тАФ,тАФ,тАФ,тАФ,тАФ,тАФ,тАФ,тАФ,тАФ,тАФ,тАФ,тАФ,тАФ,тАФ,тАФ,тАФ,тАФ,тАФ
10.1016/j.crm.2017.06.001,lessons_learned,freetext,,"Resilience building interventions should target individuals with low adaptive capacities, especially women and farmers without formal education.",Social capital is a critical determinant of capacity.,"Through education and awareness with gender disparity, adaptive capacity can be driven.","""To further improve the knowledge basis of how supportive instruments effect the adaptive capacity of smallholder farmers we propose, secondly, to conduct further research based on a mixed-methods approach including qualitative methods. This would help to further investigate the explaining factors for the revealed gender and educational biases.""",,,тАФ,тАФ,тАФ,тАФ,тАФ,тАФ,тАФ,тАФ,тАФ,тАФ,тАФ,тАФ,тАФ,тАФ,тАФ,тАФ,тАФ,тАФ,тАФ,тАФ,тАФ
10.1016/j.crm.2017.03.001,publication_year,categorical,2017,2017,2017,2017,2017,,,yes,yes,yes,yes,no,yes,yes,yes,no,yes,yes,no,yes,no,no,no,no,no,no,no,yes
10.1016/j.crm.2017.03.001,publication_type,categorical,journal_article,journal_article,journal_article,journal_article,journal_article,,,yes,yes,yes,yes,no,yes,yes,yes,no,yes,yes,no,yes,no,no,no,no,no,no,no,yes
10.1016/j.crm.2017.03.001,geographic_scale,categorical,multi-country,multi-country,multi-country,regional,local,,,yes,yes,no,no,no,yes,no,no,no,no,no,no,no,no,no,no,no,no,no,no,yes
10.1016/j.crm.2017.03.001,producer_type,categorical,undefined,undefined,undefined,crop,mixed,,,yes,yes,no,no,no,yes,no,no,no,no,no,no,no,no,no,no,no,no,no,no,yes
10.1016/j.crm.2017.03.001,temporal_coverage,categorical,cross_sectional,cross_sectional,longitudinal,cross_sectional,cross_sectional,,,yes,no,yes,yes,no,no,yes,yes,no,no,no,no,yes,no,no,no,no,no,no,no,yes
10.1016/j.crm.2017.03.001,cost_data_reported,categorical,No,no,no,no,no,,,yes,yes,yes,yes,no,yes,yes,yes,no,yes,yes,no,yes,no,no,no,no,no,no,no,yes
10.1016/j.crm.2017.03.001,purpose_of_assessment,categorical,research,research,research,research,project_learning,,,yes,yes,yes,no,no,yes,yes,no,no,yes,no,no,no,no,no,no,no,no,no,no,yes
10.1016/j.crm.2017.03.001,marginalized_subpopulations,multivalue,none_reported,none_reported,none_reported,none_reported,none_reported,,,yes,yes,yes,yes,no,yes,yes,yes,no,yes,yes,no,yes,no,no,no,no,no,no,no,both_empty
10.1016/j.crm.2017.03.001,methodological_approach,multivalue,quantitative,quantitative,quantitative,quantitative,quantitative,,,yes,yes,yes,yes,no,yes,yes,yes,no,yes,yes,no,yes,no,no,no,no,no,no,no,both_empty
10.1016/j.crm.2017.03.001,process_outcome_domains,multivalue,uptake_adoption; decision_making_planning,knowledge_awareness_learning; decision_making_planning; uptake_adoption; behavioral_change; institutional_governance; access_information_services; yields_productivity; income_assets; livelihoods; wellbeing; risk_reduction; resilience_adaptive_capacity,livelihoods; resilience_adaptive_capacity,behavioral_change;livelihoods;risk_reduction,behavioral_change,,,partial,no,no,no,no,partial,partial,partial,no,partial,no,no,partial,no,no,no,no,no,no,no,both_empty
10.1016/j.crm.2017.03.001,data_sources,multivalue,surveys,surveys,surveys,surveys;secondary_data,participatory_methods,,,yes,yes,partial,no,no,yes,partial,no,no,partial,no,no,no,no,no,no,no,no,no,no,both_empty
10.1016/j.crm.2017.03.001,country_region,freetext,East Africa,Ethiopia; Kenya; Uganda; Tanzania,Ethiopia; Kenya; Uganda; Tanzania,East Africa; Kenya; Uganda; Tanzania; Ethiopia,"East Africa: Nyando, Kenya; Hoima, Uganda; Lushoto, Tanzania; and Borana, Ethiopia",,,тАФ,тАФ,тАФ,тАФ,тАФ,тАФ,тАФ,тАФ,тАФ,тАФ,тАФ,тАФ,тАФ,тАФ,тАФ,тАФ,тАФ,тАФ,тАФ,тАФ,тАФ
10.1016/j.crm.2017.03.001,adaptation_focus,freetext,Crop varieties and genetics; Crop management practices; Soil and land management; Water management and irrigation; Agroforestry,farmers' attitudes and determinants of adaptation to climate risks,determinants of adaptation to climate risks among smallholders,Farm level adaptation to climate risk,"The paper ""examined farmersтАЩ attitudes and assessed determinants of adaptation using data from a random sample of 500 households. Adaptation was measured using a livelihood-based index that assigned weights to different individual strategies based on their marginal contributions to a householdтАЩs livelihood"".",,,тАФ,тАФ,тАФ,тАФ,тАФ,тАФ,тАФ,тАФ,тАФ,тАФ,тАФ,тАФ,тАФ,тАФ,тАФ,тАФ,тАФ,тАФ,тАФ,тАФ,тАФ
10.1016/j.crm.2017.03.001,indicators_measured,freetext,Overall Livelihood-Based Adaptation Index (LAI),"adaptation index, household size, sex of the household head, number of months of food shortage, farmer group membership, access to credit",livelihood-based adaptation index (unitless); credit access (binary); group membership (binary),"Household, climate, institutional, food security, income and adaptation process indicators","Adaptation index 
Short cycle varieties 
DT varieties 
Irrigation 
Early planting
Manure/compost 
Terracing 
Tree planting 
Crop rotation 
Pest-resistant variety 
Reduce cultivated area
Intercropping 
Mulching 
Household head is male 
Highest level of education is primary 
HH size 
Number of dependents in HH 
Farming experience relative to age of HHH 
Farm size
Owns large animal (e.g. cows) 
Assets index
Number of months of food shortage
Access to credit
Group membership 
Access to extension services
Number of observations",,,тАФ,тАФ,тАФ,тАФ,тАФ,тАФ,тАФ,тАФ,тАФ,тАФ,тАФ,тАФ,тАФ,тАФ,тАФ,тАФ,тАФ,тАФ,тАФ,тАФ,тАФ
10.1016/j.crm.2017.03.001,strengths_and_limitations,freetext,"Strength: <novel approach to generating weights required in constructing aggregate adaptation indices;  method of calculating the adaptation index provides a more objective way of generating weights for adaptation strategies compared to previous approaches>; Limitations: <data on a few control variables including age and sex of the household head, distance to markets, and contact with extension agents were missing from the baseline survey""
. To correct this, they used a follow-up survey, but noted that ""it was, however, not possible to reach every household that was in the baseline because some had migrated,"" which reduced their sample size.",Strength: Provided insights into farmers' attitudes and determinants of adaptation to climate risks. Limitation: Limited focus on specific adaptation strategies and their cost implications.,Strength: not reported. Limitation: Self-reported data.,Multi method is strong but it is limited due to missing longitudinal data,"Strength: ""Our findings have several important policy implications. The findings imply that providing climate information to inform timely planting, promoting crop diversification, and encouraging adoption of adapted varieties of crops might be successful to enhancing resilience of farming systems in the short-term."" ; Limitation: N/A",,,тАФ,тАФ,тАФ,тАФ,тАФ,тАФ,тАФ,тАФ,тАФ,тАФ,тАФ,тАФ,тАФ,тАФ,тАФ,тАФ,тАФ,тАФ,тАФ,тАФ,тАФ
10.1016/j.crm.2017.03.001,lessons_learned,freetext,"<recommend coupling their socioeconomic survey data with biophysical datasets, including plot-level characteristics, to better capture and understand differences across the various study sites
>","Providing climate information, promoting crop diversification, and encouraging adoption of adapted varieties can enhance short-term resilience. Long-term investment in reducing hunger, group formation, and easing liquidity constraints is needed for long-term adaptation.",Credit and group membership drive adaptation; information asymmetry should be addressed.,"Adaptation is driven by factors like household, institutional, and climate factors","""Long-term adaptive transformation will, however, require increased investment in human, social, and physical capital to promote adoption of soil, water, and land management practices. For future research we recommend coupling these data and results with biophysical data sets including plot level characteristics in order to fully capture cross-site differences.""",,,тАФ,тАФ,тАФ,тАФ,тАФ,тАФ,тАФ,тАФ,тАФ,тАФ,тАФ,тАФ,тАФ,тАФ,тАФ,тАФ,тАФ,тАФ,тАФ,тАФ,тАФ
10.1007/s10584-016-1792-0,publication_year,categorical,2017,2017,2017,2017,2017,2016,2017.0,yes,yes,yes,yes,no,yes,yes,yes,no,yes,yes,no,yes,no,no,no,no,no,no,no,no
10.1007/s10584-016-1792-0,publication_type,categorical,journal_article,journal_article,journal_article,journal_article,journal_article,journal_article,journal_article,yes,yes,yes,yes,yes,yes,yes,yes,yes,yes,yes,yes,yes,yes,yes,yes,yes,yes,yes,yes,yes
10.1007/s10584-016-1792-0,geographic_scale,categorical,multi-country,multi-country,multi-country,multi-country,sub-national,local,multi-country,yes,yes,yes,no,no,yes,yes,no,no,yes,no,no,no,no,no,yes,yes,yes,yes,no,no
10.1007/s10584-016-1792-0,producer_type,categorical,crop,undefined,undefined,crop,crop,crop,crop,no,no,yes,yes,yes,yes,no,no,no,no,no,no,yes,yes,yes,yes,no,no,yes,yes,yes
10.1007/s10584-016-1792-0,temporal_coverage,categorical,cross_sectional,longitudinal,repeated_cross_sectional,cross_sectional,repeated_cross_sectional,cross_sectional,cross_sectional,no,no,yes,no,yes,no,no,no,no,no,yes,no,no,yes,no,yes,no,no,yes,no,yes
10.1007/s10584-016-1792-0,cost_data_reported,categorical,No,no,no,no,no,no,no,yes,yes,yes,yes,yes,yes,yes,yes,yes,yes,yes,yes,yes,yes,yes,yes,yes,yes,yes,yes,yes
10.1007/s10584-016-1792-0,purpose_of_assessment,categorical,research,research,research,research,research,research,research,yes,yes,yes,yes,yes,yes,yes,yes,yes,yes,yes,yes,yes,yes,yes,yes,yes,yes,yes,yes,yes
10.1007/s10584-016-1792-0,marginalized_subpopulations,multivalue,Women,none_reported,other,none_reported,none_reported,women; youth,none_reported,no,no,no,no,partial,no,yes,yes,no,no,no,no,yes,no,no,no,yes,no,yes,yes,no
10.1007/s10584-016-1792-0,methodological_approach,multivalue,quantitative,quantitative,quantitative,modeling_with_empirical_validation;quantitative,quantitative; modeling_with_empirical_validation,quantitative; participatory; modeling_with_empirical_validation,quantitative; modeling_with_empirical_validation,yes,yes,partial,partial,partial,yes,partial,partial,partial,partial,partial,partial,yes,partial,partial,partial,partial,partial,yes,yes,partial
10.1007/s10584-016-1792-0,process_outcome_domains,multivalue,Vulnerability,knowledge_awareness_learning; decision_making_planning; institutional_governance; risk_reduction,resilience_adaptive_capacity,decision_making_planning;institutional_governance;resilience_adaptive_capacity;risk_reduction,knowledge_awareness_learning; access_information_services; wellbeing,knowledge_awareness_learning; participation_coproduction; institutional_governance; access_information_services; livelihoods; wellbeing; resilience_adaptive_capacity,access_information_services; livelihoods; resilience_adaptive_capacity,no,no,no,no,no,no,partial,partial,partial,partial,no,partial,no,partial,partial,no,no,partial,partial,partial,partial
10.1007/s10584-016-1792-0,data_sources,multivalue,surveys; secondary data,administrative_data; secondary_data,secondary_data,secondary_data,administrative_data; remote_sensing; secondary_data,surveys; participatory_methods; secondary_data,administrative_data; secondary_data; other,no,no,no,no,partial,partial,partial,partial,partial,yes,partial,partial,partial,partial,partial,no,partial,partial,partial,partial,partial
10.1007/s10584-016-1792-0,country_region,freetext,Central America,Guatemala; El Salvador; Honduras; Nicaragua,Guatemala; El Salvador; Honduras; Nicaragua,Guatemala; El Salvador; Honduras; Nicaragua,"Guatemala, El Salvador, Honduras and Nicaragua",Central America; Guatemala; El Salvador; Honduras; Nicaragua,Guatemala; El Salvador; Honduras; Nicaragua,тАФ,тАФ,тАФ,тАФ,тАФ,тАФ,тАФ,тАФ,тАФ,тАФ,тАФ,тАФ,тАФ,тАФ,тАФ,тАФ,тАФ,тАФ,тАФ,тАФ,тАФ
10.1007/s10584-016-1792-0,adaptation_focus,freetext,"Crop management practices; Crop varieties and genetics; Soil and land management; agroforestry; water management and irrigation; livelihood diversification; migration and mobility; financial strategies, climate information and advisory services",climate change vulnerability assessment for smallholder agricultural livelihoods,adaptive capacity and vulnerability mapping for prioritization,Climate adaptation planning for smallholders connected with crop occupation,"""Municipalities with a high proportional area under subsistence crops tend to have less resources to promote innovation and action for adaptation."" ","safe water access; strenghtening public health;  resilient infrastructures (housing, roads); land tenure; education and technical assistance; livelihood diversification; financial strategies: credit access; gender equity and social inclusion",spatial prioritization of adaptation strategies for crop livelihoods,тАФ,тАФ,тАФ,тАФ,тАФ,тАФ,тАФ,тАФ,тАФ,тАФ,тАФ,тАФ,тАФ,тАФ,тАФ,тАФ,тАФ,тАФ,тАФ,тАФ,тАФ
10.1007/s10584-016-1792-0,indicators_measured,freetext,"Adaptive Capacity Index (ACI) Indicators; Satisfaction of basic needs (Health, wellbeing, and equity); Resources for innovation (Access to extension, land, and infrastructure); Resources for action (Financial strategies and livelihood diversification)","proportional area under subsistence crops, adaptive capacity index (ACI)",Adaptive Capacity Index (ACI); crop suitability (rank),"crop suitability change (%), adaptive capacity index, vulnerability index, safe drinking water access (%), school attendance (%), housing quality (%), road density, loan access (%), technical assistance (%)"," Rural households with access to safe drinking water,  Primary healthcare units per 1000 people,  Rural school-aged population (aged 7тАУ17) that attends school, Rural dwellings built with long-lasting materials, Rural gender parity index, Entitled agricultural production units,  Agricultural production units that received technical assistance, Roads density, Rural economically active population employed in non-agricultural activities, Agricultural production units that received a loan, Rural demographic dependency ratio ",Rural households with access to safe drinking water; Primary healthcare units (per 1000 people); Rural school-aged population (aged 7-17) that attends school; Rural dwellings built with long-lasting materials; Rural gender parity index; Entitled agricultural production units; Agricultural production units that received technical assistances; Roads density; Rural economically active population employed in non-agricultural activities; Agricultural production units that received a loan; Rural demographic dependency ratio,"Weighted Average Suitability Change (WASC); Adaptive Capacity Index (ACI); Vulnerability Index (VI); crop suitability change for coffee, maize, beans, upland rice, sorghum, plantain, cassava; rural households with safe drinking water; primary healthcare units per 1000 people; rural school-aged population attending school; rural dwellings built with long-lasting materials; rural gender parity index; entitled agricultural production units; agricultural production units receiving technical assistance; road density; rural economically active population in non-agricultural employment; agricultural production units receiving a loan; rural demographic dependency ratio; crop area proportions.",тАФ,тАФ,тАФ,тАФ,тАФ,тАФ,тАФ,тАФ,тАФ,тАФ,тАФ,тАФ,тАФ,тАФ,тАФ,тАФ,тАФ,тАФ,тАФ,тАФ,тАФ
10.1007/s10584-016-1792-0,strengths_and_limitations,freetext,"Strength: <regional scope and shows cluster-specific attributes that could define entry points for adaptation planning; pproach can be applied in other countries or regions to identify spatial priorities for adaptation using widely-available data> Limitations: <firstly, the estimation of PI in terms of changes in crop productivity related to climate variability... not just climatic suitability; secondly, the inclusion of social, cultural and natural assets in the characterization of the AC, and finally, a focus on agricultural landscapes rather than administrative divisions like municipalities""
. They also point out that ""we suggest that our results should be validated using local scale case studies""
 and highlight that research priorities to improve these assessments include the ""integration of climate variability and non-climatic stresses and their interaction with climate change variables>",Strength: Provides a comprehensive assessment of climate change vulnerability at the municipality level. Limitation: Focuses on selected crops and does not cover all smallholder agricultural livelihoods.,Strength: Policy-scale mapping. Limitation: Data resolution.,(Strength) utilises different countries for assessment of municipal level weaknesses. (Limitation) Depends on proxy measures and secondary data; local validity not confirmed.,"Strength: ""Our study provides insights to guide adaptation implementation in four vulnerable Central American countries. We show, for example, that municipality clusters with lower basic needs satisfaction tend to underperform on indicators for innovation and action, suggesting adaptation actions focused on basic needs should receive high priority"" ; Limitation: "" Our approach has regional scope and shows cluster-specific
attributes that could define entry points for adaptation planning. However, we suggest that our results should be validated using local scale case studies (e.g. Sietz et al. 2011).""","Strenghts: ""Our approach can be applied in other countries or regions to identify spatial priorities for adaptation using widely-available data, though we suggest refinement of some aspects"". Limitations: The study relies on several model assumptions.","Strength: Regional municipality-level assessment integrates crop suitability modelling with socioeconomic adaptive-capacity indicators, and combines ranking with cluster analysis to support spatial prioritization and strategy identification. Limitation: Authors state that improvement is needed by estimating potential impact through crop productivity and climate variability rather than only climatic suitability; including social, cultural and political capitals; validating adaptive-capacity patterns with local case studies/outcome indicators; and focusing on agricultural landscapes rather than administrative municipalities.",тАФ,тАФ,тАФ,тАФ,тАФ,тАФ,тАФ,тАФ,тАФ,тАФ,тАФ,тАФ,тАФ,тАФ,тАФ,тАФ,тАФ,тАФ,тАФ,тАФ,тАФ
10.1007/s10584-016-1792-0,lessons_learned,freetext,"<Validate regional findings with local scale case studies> ; <Refine vulnerability assessments by integrating climate variability and non-climatic stresses, assessing actual changes in crop productivity rather than just climatic suitability, and evaluating agricultural landscapes rather than political administrative divisions >; <Integrate indicators of social, cultural, and political capital into the characterization of adaptive capacity>",not_reported,Ranking and characterization are complementary for policy.,Cluster analysis highlights that different countries have different needs; priority ranks highlight which parts need what sort of help.,"""Municipalities with a high proportional area under subsistence crops tend to have less
resources to promote innovation and action for adaptation. Our results suggest that a full
spectrum of adaptation levels and strategies must be considered in the region to achieve different adaptation goals. They also show that the adaptive capacity ranking and characterization are complementary and support geographical prioritization and identification of adaptation strategies, respectively.""","Novel insights: ""Our results suggest that a full spectrum of adaptation levels and strategies must be considered in the region to achieve different adaptation goals. They also show that the adaptive capacity ranking and characterization are complementary and support geographical prioritization and identification of adaptation strategies, respectively.""","Adaptation planning should use the full spectrum of incremental to transformational strategies, with basic-needs satisfaction prioritized where adaptive capacity is low. Ranking is useful for geographic prioritization, while clustering helps define tailored strategies for groups of municipalities. Future regional CCVAs should integrate climate variability, non-climatic stresses, additional social/cultural/political assets, and local validation.",тАФ,тАФ,тАФ,тАФ,тАФ,тАФ,тАФ,тАФ,тАФ,тАФ,тАФ,тАФ,тАФ,тАФ,тАФ,тАФ,тАФ,тАФ,тАФ,тАФ,тАФ
10.1080/17565529.2017.1411240,publication_year,categorical,2018,2018,2018,2018,2018,,,yes,yes,yes,yes,no,yes,yes,yes,no,yes,yes,no,yes,no,no,no,no,no,no,no,yes
10.1080/17565529.2017.1411240,publication_type,categorical,journal_article,journal_article,journal_article,journal_article,journal_article,,,yes,yes,yes,yes,no,yes,yes,yes,no,yes,yes,no,yes,no,no,no,no,no,no,no,yes
10.1080/17565529.2017.1411240,geographic_scale,categorical,sub-national,sub-national,local,local,sub-national,,,yes,no,no,yes,no,no,no,yes,no,yes,no,no,no,no,no,no,no,no,no,no,yes
10.1080/17565529.2017.1411240,producer_type,categorical,crop; livestock; mixed,undefined,undefined,crop,mixed,,,no,no,no,no,no,yes,no,no,no,no,no,no,no,no,no,no,no,no,no,no,yes
10.1080/17565529.2017.1411240,temporal_coverage,categorical,cross_sectional,cross_sectional,cross_sectional,cross_sectional,cross_sectional,,,yes,yes,yes,yes,no,yes,yes,yes,no,yes,yes,no,yes,no,no,no,no,no,no,no,yes
10.1080/17565529.2017.1411240,cost_data_reported,categorical,No,no,no,no,no,,,yes,yes,yes,yes,no,yes,yes,yes,no,yes,yes,no,yes,no,no,no,no,no,no,no,yes
10.1080/17565529.2017.1411240,purpose_of_assessment,categorical,research,research,research,research,research,,,yes,yes,yes,yes,no,yes,yes,yes,no,yes,yes,no,yes,no,no,no,no,no,no,no,yes
10.1080/17565529.2017.1411240,marginalized_subpopulations,multivalue,none_reported,none_reported,none_reported,none_reported,none_reported,,,yes,yes,yes,yes,no,yes,yes,yes,no,yes,yes,no,yes,no,no,no,no,no,no,no,both_empty
10.1080/17565529.2017.1411240,methodological_approach,multivalue,qualitative; quantitative,qualitative; quantitative,quantitative; qualitative,qualitative;quantitative,qualitative; quantitative,,,yes,yes,yes,yes,no,yes,yes,yes,no,yes,yes,no,yes,no,no,no,no,no,no,no,both_empty
10.1080/17565529.2017.1411240,process_outcome_domains,multivalue,"Awareness of climate change; knowledge of options; learning outcomes; Rates of adoption of a practice or technology; Changes in farming or land management behaviour; Reduced exposure or sensitivity to climate shocks; Farmer decision-making; Participation in programmes, co-design, farmer group engagement; Access to extension, credit, markets, climate information",knowledge_awareness_learning; decision_making_planning; uptake_adoption; behavioral_change; institutional_governance; access_information_services; yields_productivity; income_assets; livelihoods; wellbeing; risk_reduction; resilience_adaptive_capacity,decision_making_planning; resilience_adaptive_capacity,behavioral_change;decision_making_planning;knowledge_awareness_learning,knowledge_awareness_learning; decision_making_planning; uptake_adoption; participation_coproduction; institutional_governance,,,no,no,no,no,no,partial,partial,partial,no,partial,partial,no,partial,no,no,no,no,no,no,no,both_empty
10.1080/17565529.2017.1411240,data_sources,multivalue,surveys; secondary data,surveys; participatory_methods,surveys; participatory_methods,surveys,surveys; participatory_methods,,,partial,partial,partial,partial,no,yes,partial,yes,no,partial,yes,no,partial,no,no,no,no,no,no,no,both_empty
10.1080/17565529.2017.1411240,country_region,freetext,Vietnam,Vietnam,Vietnam,Vietnam; Central Vietnam,Central Vietnam,,,тАФ,тАФ,тАФ,тАФ,тАФ,тАФ,тАФ,тАФ,тАФ,тАФ,тАФ,тАФ,тАФ,тАФ,тАФ,тАФ,тАФ,тАФ,тАФ,тАФ,тАФ
10.1080/17565529.2017.1411240,adaptation_focus,freetext,Crop management practices; Crop varieties and genetics; Livestock management; Water management and irrigation; Livelihood diversification; Climate information and advisory services,"adjusting the season calendar, using tolerant varieties and breeds, applying integrated crop production models, income diversification",capacity to respond to climate change and psychological factors,Adaptation capacity and strategies at farm level,"""Four factors were found to be significant (p < .05) in influencing the spread of adaptation measures (AMs) farmers adopted: farm income, the number of available information sources, number of workers on the farm, and farmable land available during the summer season.""",,,тАФ,тАФ,тАФ,тАФ,тАФ,тАФ,тАФ,тАФ,тАФ,тАФ,тАФ,тАФ,тАФ,тАФ,тАФ,тАФ,тАФ,тАФ,тАФ,тАФ,тАФ
10.1080/17565529.2017.1411240,indicators_measured,freetext,Adoption rate; Income; Information access; Labor; Land; Climate impact severity,"farm income, number of available information sources, number of workers on the farm, farmable land during summer season",perceived risk (scale); self-efficacy (scale); adaptation efficacy (scale),"Income generating from farming, availability of labour, size of land, perceptions about climatic changes and adaptive measurements","Primary school (grade from 1-5); 
Secondary school (grade from 6-9); 
High school (grade from 10-12)	; 
Number of member of household (person); 
Number of workers (person); 
Number of workers on the farm (person); 
Gender of the head of household; 
Age of the head of household (age); 
Farmable land available in winter season; 
Farmable land available in summer season ;
Farm income (million, VND); 
Non-farm income (million, VND); 
Number of available information sources	; 
Training participation; 
Accessing much information; 
Accessing average information; 
Accessing little information",,,тАФ,тАФ,тАФ,тАФ,тАФ,тАФ,тАФ,тАФ,тАФ,тАФ,тАФ,тАФ,тАФ,тАФ,тАФ,тАФ,тАФ,тАФ,тАФ,тАФ,тАФ
10.1080/17565529.2017.1411240,strengths_and_limitations,freetext,"Strength: <none mentioned>; Limitations: <The low variance of the variables included in this study may indicate that other variables, not included, could be important in explaining the diversification of adaptation in agriculture to climate change>",Strength: The study provides insights into the adaptive capacity of smallholder farmers in a specific region. Limitation: The cross-sectional nature limits understanding long-term impacts.,Strength: Psychological focus. Limitation: Single community.,"(Strength) mixed method approach makes the study valuable. (Limitation) Sample is very small, limiting external validity.","Strengths: ""The findings of this study show that farmers are highly aware of climate risk and of how this impacts their livelihoods. Most of the farmers are already adapting quite extensively but this likely remains rather conservative and dependent on the agricultural cooperative or local government.....Our study adds to this that in order to understand smallholder farmersтАЩ motivations to respond to climate change their understanding of climate change and its socio-economic impacts need to be investigated as well."" ; Limitations: N/A",,,тАФ,тАФ,тАФ,тАФ,тАФ,тАФ,тАФ,тАФ,тАФ,тАФ,тАФ,тАФ,тАФ,тАФ,тАФ,тАФ,тАФ,тАФ,тАФ,тАФ,тАФ
10.1080/17565529.2017.1411240,lessons_learned,freetext,"<Planned adaptation efforts should be combined with the autonomous adaptation measures farmers are already implementing, and these strategies should be co-created and integrated into state development planning and local or district policies; To ensure the success of agricultural adaptation strategies, policymakers must make farmers' personal motivations and socioeconomic conditions their primary consideration rather than ignoring them; The government needs to invest in agricultural research and development, disseminate appropriate and affordable technologies to smallholder farmers, and actively promote market development; Providing tailor-made training courses and facilitating communication between peers, neighbors, and cooperatives is recommended to foster continuous social learning, which will likely improve overall adaptive capacity and resilience>",Understanding local perceptions and barriers to adaptation is crucial for developing effective climate change adaptation strategies.,Perceived barriers significantly hinder adaptation intent.,This study improves insight through mixed method approach but cross-sectional data limits inference.,"""Besides that, the government will need to support research and development in the agricultural sector, disseminate appropriate technologies, ensure that cheap technologies are available to smallholder farmers and promote market development. More specifically, increasing the roles of stakeholders in the community through, for example, CBO will be critical in increasing farmerтАЩs capacity and promoting continuous social learning to adapt to climate change.""",,,тАФ,тАФ,тАФ,тАФ,тАФ,тАФ,тАФ,тАФ,тАФ,тАФ,тАФ,тАФ,тАФ,тАФ,тАФ,тАФ,тАФ,тАФ,тАФ,тАФ,тАФ
